Workbook

Sheet Indice
A1: Cálculos paso a paso del proyecto final de Análisis de algoritmos
A2: Universidad del Quindío · Corpus: 20 abstracts sobre IA en educación · Cada hoja reproduce con fórmulas un caso del documento técnico.
A4: Convención de colores
A5: Texto azul | B5: Dato de entrada: términos, vectores o tablas que produce el programa Java (no se modifican).
A6: Texto negro | B6: Fórmula de Excel que reproduce el cálculo del algoritmo.
A7: Texto verde | B7: Referencia a otra hoja.
A8: Fondo verde | B8: Resultado que se compara con la salida del programa (columna "Programa Java").
A10: Hoja | B10: Contenido
A11: 1.1 Levenshtein | B11: Subcaso de 7 × 7 términos con la recurrencia D[i][j] (sección 9.1)
A12: 1.1b Levenshtein completo | B12: Matriz de 115 × 94 celdas de los abstracts 11 y 16: D[114][93] = 108
A13: 1.2 Needleman-Wunsch | B13: Subcaso 7 × 7 con +1 / −1 / −1 y el alineamiento (sección 9.2)
A14: 1.2b NW completo | B14: Matriz completa: puntaje F[114][93] = −100
A15: 1.3 TF-IDF coseno | B15: tf, df, idf = log10(20/df), pesos, producto punto, normas y coseno (sección 9.3)
A16: 1.4 Jaccard | B16: Conjuntos A, B, intersección y unión (sección 9.4)
A17: 1.5 GloVe | B17: Promedio de vectores de palabra (100 dimensiones) y coseno (sección 9.5)
... A30: Complejidad | B30: T(n) de cada algoritmo evaluado con los tamaños reales

Sheet 1.1 Levenshtein
A1: Levenshtein: subcaso con los 7 primeros términos de cada abstract
A2: D[i][0] = i, D[0][j] = j; D[i][j] = min(D[i-1][j] + 1, D[i][j-1] + 1, D[i-1][j-1] + costo), costo = 0 si a_i = b_j. Código: Levenshtein.java líneas 24, 28, 34-39.
A4: A \ B | B4: - | C4: emergence | D4: generative | E4: artificial | F4: intelligence | G4: ai | H4: chatgpt | I4: sparked
A5: - | B5: 0 | C5: 1 | D5: 2 | E5: 3 | F5: 4 | G5: 5 | H5: 6 | I5: 7
A6: generative | B6: 1 | C6: =MIN(C5+1,B6+1,B5+IF($A6=C$4,0,1)) -> 1 | D6: =MIN(D5+1,C6+1,C5+IF($A6=D$4,0,1)) -> 1 | E6: =MIN(E5+1,D6+1,D5+IF($A6=E$4,0,1)) -> 2 | F6: =MIN(F5+1,E6+1,E5+IF($A6=F$4,0,1)) -> 3 | G6: =MIN(G5+1,F6+1,F5+IF($A6=G$4,0,1)) -> 4 | H6: =MIN(H5+1,G6+1,G5+IF($A6=H$4,0,1)) -> 5 | I6: =MIN(I5+1,H6+1,H5+IF($A6=I$4,0,1)) -> 6
A7: artificial | B7: 2 | C7: =MIN(C6+1,B7+1,B6+IF($A7=C$4,0,1)) -> 2 | D7: =MIN(D6+1,C7+1,C6+IF($A7=D$4,0,1)) -> 2 | E7: =MIN(E6+1,D7+1,D6+IF($A7=E$4,0,1)) -> 1 | F7: =MIN(F6+1,E7+1,E6+IF($A7=F$4,0,1)) -> 2 | G7: =MIN(G6+1,F7+1,F6+IF($A7=G$4,0,1)) -> 3 | H7: =MIN(H6+1,G7+1,G6+IF($A7=H$4,0,1)) -> 4 | I7: =MIN(I6+1,H7+1,H6+IF($A7=I$4,0,1)) -> 5
A8: intelligence | B8: 3 | C8: =MIN(C7+1,B8+1,B7+IF($A8=C$4,0,1)) -> 3 | D8: =MIN(D7+1,C8+1,C7+IF($A8=D$4,0,1)) -> 3 | E8: =MIN(E7+1,D8+1,D7+IF($A8=E$4,0,1)) -> 2 | F8: =MIN(F7+1,E8+1,E7+IF($A8=F$4,0,1)) -> 1 | G8: =MIN(G7+1,F8+1,F7+IF($A8=G$4,0,1)) -> 2 | H8: =MIN(H7+1,G8+1,G7+IF($A8=H$4,0,1)) -> 3 | I8: =MIN(I7+1,H8+1,H7+IF($A8=I$4,0,1)) -> 4
A9: provides | B9: 4 | C9: =MIN(C8+1,B9+1,B8+IF($A9=C$4,0,1)) -> 4 | D9: =MIN(D8+1,C9+1,C8+IF($A9=D$4,0,1)) -> 4 | E9: =MIN(E8+1,D9+1,D8+IF($A9=E$4,0,1)) -> 3 | F9: =MIN(F8+1,E9+1,E8+IF($A9=F$4,0,1)) -> 2 | G9: =MIN(G8+1,F9+1,F8+IF($A9=G$4,0,1)) -> 2 | H9: =MIN(H8+1,G9+1,G8+IF($A9=H$4,0,1)) -> 3 | I9: =MIN(I8+1,H9+1,H8+IF($A9=I$4,0,1)) -> 4
A10: opportunities | B10: 5 | C10: =MIN(C9+1,B10+1,B9+IF($A10=C$4,0,1)) -> 5 | D10: =MIN(D9+1,C10+1,C9+IF($A10=D$4,0,1)) -> 5 | E10: =MIN(E9+1,D10+1,D9+IF($A10=E$4,0,1)) -> 4 | F10: =MIN(F9+1,E10+1,E9+IF($A10=F$4,0,1)) -> 3 | G10: =MIN(G9+1,F10+1,F9+IF($A10=G$4,0,1)) -> 3 | H10: =MIN(H9+1,G10+1,G9+IF($A10=H$4,0,1)) -> 3 | I10: =MIN(I9+1,H10+1,H9+IF($A10=I$4,0,1)) -> 4
A11: challenges | B11: 6 | C11: =MIN(C10+1,B11+1,B10+IF($A11=C$4,0,1)) -> 6 | D11: =MIN(D10+1,C11+1,C10+IF($A11=D$4,0,1)) -> 6 | E11: =MIN(E10+1,D11+1,D10+IF($A11=E$4,0,1)) -> 5 | F11: =MIN(F10+1,E11+1,E10+IF($A11=F$4,0,1)) -> 4 | G11: =MIN(G10+1,F11+1,F10+IF($A11=G$4,0,1)) -> 4 | H11: =MIN(H10+1,G11+1,G10+IF($A11=H$4,0,1)) -> 4 | I11: =MIN(I10+1,H11+1,H10+IF($A11=I$4,0,1)) -> 4
A12: higher | B12: 7 | C12: =MIN(C11+1,B12+1,B11+IF($A12=C$4,0,1)) -> 7 | D12: =MIN(D11+1,C12+1,C11+IF($A12=D$4,0,1)) -> 7 | E12: =MIN(E11+1,D12+1,D11+IF($A12=E$4,0,1)) -> 6 | F12: =MIN(F11+1,E12+1,E11+IF($A12=F$4,0,1)) -> 5 | G12: =MIN(G11+1,F12+1,F11+IF($A12=G$4,0,1)) -> 5 | H12: =MIN(H11+1,G12+1,G11+IF($A12=H$4,0,1)) -> 5 | I12: =MIN(I11+1,H12+1,H11+IF($A12=I$4,0,1)) -> 5
A14: Distancia D[7][7] | B14: =I12 -> 5 | C14: Programa Java | D14: 5
A15: Similitud = 1 − D / max(n, m) | B15: =1-B14/MAX(7,7) -> 0.28571429 | C15: Programa Java | D15: 0.2857
A17: Abstracts completos (hoja 1.1b): D[114][93] | D17: ='1.1b Levenshtein completo'!B2 -> 108
A18: Similitud de los abstracts completos = 1 − D / 114 | D18: =1-D17/114 -> 0.052631579

Sheet 1.2 Needleman-Wunsch
A1: Needleman-Wunsch: subcaso con los 7 primeros términos (+1 coincidencia, −1 sustitución, −1 hueco)
A2: F[i][0] = −i, F[0][j] = −j; F[i][j] = max(F[i-1][j-1] + s(a_i, b_j), F[i-1][j] − 1, F[i][j-1] − 1). Código: NeedlemanWunsch.java líneas 36-49.
A4: A \ B | B4: - | C4: emergence | D4: generative | E4: artificial | F4: intelligence | G4: ai | H4: chatgpt | I4: sparked
A5: - | B5: 0 | C5: -1 | D5: -2 | E5: -3 | F5: -4 | G5: -5 | H5: -6 | I5: -7
A6: generative | B6: -1 | C6: =MAX(B5+IF($A6=C$4,1,-1),C5-1,B6-1) -> -1 | D6: =MAX(C5+IF($A6=D$4,1,-1),D5-1,C6-1) -> 0 | E6: =MAX(D5+IF($A6=E$4,1,-1),E5-1,D6-1) -> -1 | F6: =MAX(E5+IF($A6=F$4,1,-1),F5-1,E6-1) -> -2 | G6: =MAX(F5+IF($A6=G$4,1,-1),G5-1,F6-1) -> -3 | H6: =MAX(G5+IF($A6=H$4,1,-1),H5-1,G6-1) -> -4 | I6: =MAX(H5+IF($A6=I$4,1,-1),I5-1,H6-1) -> -5
A7: artificial | B7: -2 | C7: =MAX(B6+IF($A7=C$4,1,-1),C6-1,B7-1) -> -2 | D7: =MAX(C6+IF($A7=D$4,1,-1),D6-1,C7-1) -> -1 | E7: =MAX(D6+IF($A7=E$4,1,-1),E6-1,D7-1) -> 1 | F7: =MAX(E6+IF($A7=F$4,1,-1),F6-1,E7-1) -> 0 | G7: =MAX(F6+IF($A7=G$4,1,-1),G6-1,F7-1) -> -1 | H7: =MAX(G6+IF($A7=H$4,1,-1),H6-1,G7-1) -> -2 | I7: =MAX(H6+IF($A7=I$4,1,-1),I6-1,H7-1) -> -3
A8: intelligence | B8: -3 | C8: =MAX(B7+IF($A8=C$4,1,-1),C7-1,B8-1) -> -3 | D8: =MAX(C7+IF($A8=D$4,1,-1),D7-1,C8-1) -> -2 | E8: =MAX(D7+IF($A8=E$4,1,-1),E7-1,D8-1) -> 0 | F8: =MAX(E7+IF($A8=F$4,1,-1),F7-1,E8-1) -> 2 | G8: =MAX(F7+IF($A8=G$4,1,-1),G7-1,F8-1) -> 1 | H8: =MAX(G7+IF($A8=H$4,1,-1),H7-1,G8-1) -> 0 | I8: =MAX(H7+IF($A8=I$4,1,-1),I7-1,H8-1) -> -1
A9: provides | B9: -4 | C9: =MAX(B8+IF($A9=C$4,1,-1),C8-1,B9-1) -> -4 | D9: =MAX(C8+IF($A9=D$4,1,-1),D8-1,C9-1) -> -3 | E9: =MAX(D8+IF($A9=E$4,1,-1),E8-1,D9-1) -> -1 | F9: =MAX(E8+IF($A9=F$4,1,-1),F8-1,E9-1) -> 1 | G9: =MAX(F8+IF($A9=G$4,1,-1),G8-1,F9-1) -> 1 | H9: =MAX(G8+IF($A9=H$4,1,-1),H8-1,G9-1) -> 0 | I9: =MAX(H8+IF($A9=I$4,1,-1),I8-1,H9-1) -> -1
A10: opportunities | B10: -5 | C10: =MAX(B9+IF($A10=C$4,1,-1),C9-1,B10-1) -> -5 | D10: =MAX(C9+IF($A10=D$4,1,-1),D9-1,C10-1) -> -4 | E10: =MAX(D9+IF($A10=E$4,1,-1),E9-1,D10-1) -> -2 | F10: =MAX(E9+IF($A10=F$4,1,-1),F9-1,E10-1) -> 0 | G10: =MAX(F9+IF($A10=G$4,1,-1),G9-1,F10-1) -> 0 | H10: =MAX(G9+IF($A10=H$4,1,-1),H9-1,G10-1) -> 0 | I10: =MAX(H9+IF($A10=I$4,1,-1),I9-1,H10-1) -> -1
A11: challenges | B11: -6 | C11: =MAX(B10+IF($A11=C$4,1,-1),C10-1,B11-1) -> -6 | D11: =MAX(C10+IF($A11=D$4,1,-1),D10-1,C11-1) -> -5 | E11: =MAX(D10+IF($A11=E$4,1,-1),E10-1,D11-1) -> -3 | F11: =MAX(E10+IF($A11=F$4,1,-1),F10-1,E11-1) -> -1 | G11: =MAX(F10+IF($A11=G$4,1,-1),G10-1,F11-1) -> -1 | H11: =MAX(G10+IF($A11=H$4,1,-1),H10-1,G11-1) -> -1 | I11: =MAX(H10+IF($A11=I$4,1,-1),I10-1,H11-1) -> -1
A12: higher | B12: -7 | C12: =MAX(B11+IF($A12=C$4,1,-1),C11-1,B12-1) -> -7 | D12: =MAX(C11+IF($A12=D$4,1,-1),D11-1,C12-1) -> -6 | E12: =MAX(D11+IF($A12=E$4,1,-1),E11-1,D12-1) -> -4 | F12: =MAX(E11+IF($A12=F$4,1,-1),F11-1,E12-1) -> -2 | G12: =MAX(F11+IF($A12=G$4,1,-1),G11-1,F12-1) -> -2 | H12: =MAX(G11+IF($A12=H$4,1,-1),H11-1,G12-1) -> -2 | I12: =MAX(H11+IF($A12=I$4,1,-1),I11-1,H12-1) -> -2
A14: Puntaje F[7][7] | B14: =I12 -> -2 | C14: Programa Java | D14: -2
A16: Alineamiento (traceback desde F[7][7], prefiere diagonal, luego arriba, luego izquierda)
A17: Fila A | B17: - | C17: generative | D17: artificial | E17: intelligence | F17: provides | G17: opportunities | H17: challenges | I17: higher
A18: Fila B | B18: emergence | C18: generative | D18: artificial | E18: intelligence | F18: - | G18: ai | H18: chatgpt | I18: sparked
A19: ¿Coincide? | B19: =IF(AND(B17<>"-",B17=B18),1,0) -> 0 | C19: =IF(AND(C17<>"-",C17=C18),1,0) -> 1 | D19: =IF(AND(D17<>"-",D17=D18),1,0) -> 1 | E19: =IF(AND(E17<>"-",E17=E18),1,0) -> 1 | F19: =IF(AND(F17<>"-",F17=F18),1,0) -> 0 | G19: =IF(AND(G17<>"-",G17=G18),1,0) -> 0 | H19: =IF(AND(H17<>"-",H17=H18),1,0) -> 0 | I19: =IF(AND(I17<>"-",I17=I18),1,0) -> 0
A20: Coincidencias | B20: =SUM(B19:I19) -> 3
A21: Longitud | B21: =COUNTA(B17:I17) -> 8
A22: Similitud = coincidencias / longitud | B22: =B20/B21 -> 0.375 | C22: Programa Java | D22: 0.375
A24: Abstracts completos (hoja 1.2b): puntaje F[114][93] | D24: ='1.2b NW completo'!B2 -> -100
A25: Programa Java: puntaje −100, 8 coincidencias, longitud 116, similitud 0,0690

Sheet 1.1b Levenshtein completo
A1: Levenshtein con los abstracts completos (114 × 93 términos) · resultado:
A2: Celda final | B2: =CQ119 -> 108 | C2: Programa Java: | D2: 108
A4: A \ B | B4: - | C4: emergence | D4: generative | E4: artificial | F4: intelligence | G4: ai | H4: chatgpt | I4: sparked | J4: significant | K4: assessment | L4: concerns | M4: tertiary | N4: education | O4: assessment | P4: concerns | Q4: largely | R4: revolved | S4: around | T4: academic | U4: integrity | V4: issues | W4: students | X4: plagiarism | Y4: cheating | Z4: nonetheless | AA4: critical | AB4: consider | AC4: generative | AD4: ai | AE4: models | AF4: trained | AG4: information | AH4: retrieved | AI4: internet | AJ4: produce | AK4: biased | AL4: discriminatory | AM4: outputs | AN4: hallucination | AO4: issues | AP4: large | AQ4: language | AR4: models | AS4: generative | AT4: ai | AU4: acts | AV4: provide | AW4: made | AX4: untruthful | AY4: outputs | AZ4: article | BA4: considers | BB4: affordances | BC4: challenges | BD4: generative | BE4: ai | BF4: specific | BG4: assessments | BH4: tertiary | BI4: education | BJ4: illustrates | BK4: considerations | BL4: assessment | BM4: redesign | BN4: existence | BO4: generative | BP4: ai | BQ4: proposes | BR4: avoid | BS4: adopt | BT4: aaa | BU4: principle | BV4: rethink | BW4: redesign | BX4: assessments | BY4: argues | BZ4: generative | CA4: ai | CB4: tools | CC4: emerge | CD4: exponentially | CE4: hence | CF4: engaging | CG4: arms | CH4: race | CI4: generative | CJ4: ai | CK4: policing | CL4: use | CM4: technologies | CN4: address | CO4: fundamental | CP4: issues | CQ4: assessments
A5: - | B5: 0 | C5: 1 | D5: 2 | E5: 3 | F5: 4 | G5: 5 | H5: 6 | I5: 7 | J5: 8 | K5: 9 | L5: 10 | M5: 11 | N5: 12 | O5: 13 | P5: 14 | Q5: 15 | R5: 16 | S5: 17 | T5: 18 | U5: 19 | V5: 20 | W5: 21 | X5: 22 | Y5: 23 | Z5: 24 | AA5: 25 | AB5: 26 | AC5: 27 | AD5: 28 | AE5: 29 | AF5: 30 | AG5: 31 | AH5: 32 | AI5: 33 | AJ5: 34 | AK5: 35 | AL5: 36 | AM5: 37 | AN5: 38 | AO5: 39 | AP5: 40 | AQ5: 41 | AR5: 42 | AS5: 43 | AT5: 44 | AU5: 45 | AV5: 46 | AW5: 47 | AX5: 48 | AY5: 49 | AZ5: 50 | BA5: 51 | BB5: 52 | BC5: 53 | BD5: 54 | BE5: 55 | BF5: 56 | BG5: 57 | BH5: 58 | BI5: 59 | BJ5: 60 | BK5: 61 | BL5: 62 | BM5: 63 | BN5: 64 | BO5: 65 | BP5: 66 | BQ5: 67 | BR5: 68 | BS5: 69 | BT5: 70 | BU5: 71 | BV5: 72 | BW5: 73 | BX5: 74 | BY5: 75 | BZ5: 76 | CA5: 77 | CB5: 78 | CC5: 79 | CD5: 80 | CE5: 81 | CF5: 82 | CG5: 83 | CH5: 84 | CI5: 85 | CJ5: 86 | CK5: 87 | CL5: 88 | CM5: 89 | CN5: 90 | CO5: 91 | CP5: 92 | CQ5: 93
A6: generative | B6: 1 | C6: =MIN(C5+1,B6+1,B5+IF($A6=C$4,0,1)) -> 1 | D6: =MIN(D5+1,C6+1,C5+IF($A6=D$4,0,1)) -> 1 | E6: =MIN(E5+1,D6+1,D5+IF($A6=E$4,0,1)) -> 2 | F6: =MIN(F5+1,E6+1,E5+IF($A6=F$4,0,1)) -> 3 | G6: =MIN(G5+1,F6+1,F5+IF($A6=G$4,0,1)) -> 4 | H6: =MIN(H5+1,G6+1,G5+IF($A6=H$4,0,1)) -> 5 | I6: =MIN(I5+1,H6+1,H5+IF($A6=I$4,0,1)) -> 6 | J6: =MIN(J5+1,I6+1,I5+IF($A6=J$4,0,1)) -> 7 | ... CQ6: =MIN(CQ5+1,CP6+1,CP5+IF($A6=CQ$4,0,1)) -> 92
A7: artificial | B7: 2 | C7: =MIN(C6+1,B7+1,B6+IF($A7=C$4,0,1)) -> 2 | D7: =MIN(D6+1,C7+1,C6+IF($A7=D$4,0,1)) -> 2 | E7: =MIN(E6+1,D7+1,D6+IF($A7=E$4,0,1)) -> 1 | F7: =MIN(F6+1,E7+1,E6+IF($A7=F$4,0,1)) -> 2 | G7: =MIN(G6+1,F7+1,F6+IF($A7=G$4,0,1)) -> 3 | H7: =MIN(H6+1,G7+1,G6+IF($A7=H$4,0,1)) -> 4 | I7: =MIN(I6+1,H7+1,H6+IF($A7=I$4,0,1)) -> 5 | J7: =MIN(J6+1,I7+1,I6+IF($A7=J$4,0,1)) -> 6 | ... CQ7: =MIN(CQ6+1,CP7+1,CP6+IF($A7=CQ$4,0,1)) -> 91
A8: intelligence | B8: 3 | C8: =MIN(C7+1,B8+1,B7+IF($A8=C$4,0,1)) -> 3 | D8: =MIN(D7+1,C8+1,C7+IF($A8=D$4,0,1)) -> 3 | E8: =MIN(E7+1,D8+1,D7+IF($A8=E$4,0,1)) -> 2 | F8: =MIN(F7+1,E8+1,E7+IF($A8=F$4,0,1)) -> 1 | G8: =MIN(G7+1,F8+1,F7+IF($A8=G$4,0,1)) -> 2 | H8: =MIN(H7+1,G8+1,G7+IF($A8=H$4,0,1)) -> 3 | I8: =MIN(I7+1,H8+1,H7+IF($A8=I$4,0,1)) -> 4 | J8: =MIN(J7+1,I8+1,I7+IF($A8=J$4,0,1)) -> 5 | ... CQ8: =MIN(CQ7+1,CP8+1,CP7+IF($A8=CQ$4,0,1)) -> 90
A9: provides | B9: 4 | C9: =MIN(C8+1,B9+1,B8+IF($A9=C$4,0,1)) -> 4 | D9: =MIN(D8+1,C9+1,C8+IF($A9=D$4,0,1)) -> 4 | E9: =MIN(E8+1,D9+1,D8+IF($A9=E$4,0,1)) -> 3 | F9: =MIN(F8+1,E9+1,E8+IF($A9=F$4,0,1)) -> 2 | G9: =MIN(G8+1,F9+1,F8+IF($A9=G$4,0,1)) -> 2 | H9: =MIN(H8+1,G9+1,G8+IF($A9=H$4,0,1)) -> 3 | I9: =MIN(I8+1,H9+1,H8+IF($A9=I$4,0,1)) -> 4 | J9: =MIN(J8+1,I9+1,I8+IF($A9=J$4,0,1)) -> 5 | ... CQ9: =MIN(CQ8+1,CP9+1,CP8+IF($A9=CQ$4,0,1)) -> 90
A10: opportunities | B10: 5 | C10: =MIN(C9+1,B10+1,B9+IF($A10=C$4,0,1)) -> 5 | D10: =MIN(D9+1,C10+1,C9+IF($A10=D$4,0,1)) -> 5 | E10: =MIN(E9+1,D10+1,D9+IF($A10=E$4,0,1)) -> 4 | F10: =MIN(F9+1,E10+1,E9+IF($A10=F$4,0,1)) -> 3 | G10: =MIN(G9+1,F10+1,F9+IF($A10=G$4,0,1)) -> 3 | H10: =MIN(H9+1,G10+1,G9+IF($A10=H$4,0,1)) -> 3 | I10: =MIN(I9+1,H10+1,H9+IF($A10=I$4,0,1)) -> 4 | J10: =MIN(J9+1,I10+1,I9+IF($A10=J$4,0,1)) -> 5 | ... CQ10: =MIN(CQ9+1,CP10+1,CP9+IF($A10=CQ$4,0,1)) -> 90
A11: challenges | B11: 6 | C11: =MIN(C10+1,B11+1,B10+IF($A11=C$4,0,1)) -> 6 | D11: =MIN(D10+1,C11+1,C10+IF($A11=D$4,0,1)) -> 6 | E11: =MIN(E10+1,D11+1,D10+IF($A11=E$4,0,1)) -> 5 | F11: =MIN(F10+1,E11+1,E10+IF($A11=F$4,0,1)) -> 4 | G11: =MIN(G10+1,F11+1,F10+IF($A11=G$4,0,1)) -> 4 | H11: =MIN(H10+1,G11+1,G10+IF($A11=H$4,0,1)) -> 4 | I11: =MIN(I10+1,H11+1,H10+IF($A11=I$4,0,1)) -> 4 | J11: =MIN(J10+1,I11+1,I10+IF($A11=J$4,0,1)) -> 5 | ... CQ11: =MIN(CQ10+1,CP11+1,CP10+IF($A11=CQ$4,0,1)) -> 89
A12: higher | B12: 7 | C12: =MIN(C11+1,B12+1,B11+IF($A12=C$4,0,1)) -> 7 | D12: =MIN(D11+1,C12+1,C11+IF($A12=D$4,0,1)) -> 7 | E12: =MIN(E11+1,D12+1,D11+IF($A12=E$4,0,1)) -> 6 | F12: =MIN(F11+1,E12+1,E11+IF($A12=F$4,0,1)) -> 5 | G12: =MIN(G11+1,F12+1,F11+IF($A12=G$4,0,1)) -> 5 | H12: =MIN(H11+1,G12+1,G11+IF($A12=H$4,0,1)) -> 5 | I12: =MIN(I11+1,H12+1,H11+IF($A12=I$4,0,1)) -> 5 | J12: =MIN(J11+1,I12+1,I11+IF($A12=J$4,0,1)) -> 5 | ... CQ12: =MIN(CQ11+1,CP12+1,CP11+IF($A12=CQ$4,0,1)) -> 89
A13: education | B13: 8 | C13: =MIN(C12+1,B13+1,B12+IF($A13=C$4,0,1)) -> 8 | D13: =MIN(D12+1,C13+1,C12+IF($A13=D$4,0,1)) -> 8 | E13: =MIN(E12+1,D13+1,D12+IF($A13=E$4,0,1)) -> 7 | F13: =MIN(F12+1,E13+1,E12+IF($A13=F$4,0,1)) -> 6 | G13: =MIN(G12+1,F13+1,F12+IF($A13=G$4,0,1)) -> 6 | H13: =MIN(H12+1,G13+1,G12+IF($A13=H$4,0,1)) -> 6 | I13: =MIN(I12+1,H13+1,H12+IF($A13=I$4,0,1)) -> 6 | J13: =MIN(J12+1,I13+1,I12+IF($A13=J$4,0,1)) -> 6 | ... CQ13: =MIN(CQ12+1,CP13+1,CP12+IF($A13=CQ$4,0,1)) -> 88
A14: existing | B14: 9 | C14: =MIN(C13+1,B14+1,B13+IF($A14=C$4,0,1)) -> 9 | D14: =MIN(D13+1,C14+1,C13+IF($A14=D$4,0,1)) -> 9 | E14: =MIN(E13+1,D14+1,D13+IF($A14=E$4,0,1)) -> 8 | F14: =MIN(F13+1,E14+1,E13+IF($A14=F$4,0,1)) -> 7 | G14: =MIN(G13+1,F14+1,F13+IF($A14=G$4,0,1)) -> 7 | H14: =MIN(H13+1,G14+1,G13+IF($A14=H$4,0,1)) -> 7 | I14: =MIN(I13+1,H14+1,H13+IF($A14=I$4,0,1)) -> 7 | J14: =MIN(J13+1,I14+1,I13+IF($A14=J$4,0,1)) -> 7 | ... CQ14: =MIN(CQ13+1,CP14+1,CP13+IF($A14=CQ$4,0,1)) -> 88
A15: literature | B15: 10 | C15: =MIN(C14+1,B15+1,B14+IF($A15=C$4,0,1)) -> 10 | D15: =MIN(D14+1,C15+1,C14+IF($A15=D$4,0,1)) -> 10 | E15: =MIN(E14+1,D15+1,D14+IF($A15=E$4,0,1)) -> 9 | F15: =MIN(F14+1,E15+1,E14+IF($A15=F$4,0,1)) -> 8 | G15: =MIN(G14+1,F15+1,F14+IF($A15=G$4,0,1)) -> 8 | H15: =MIN(H14+1,G15+1,G14+IF($A15=H$4,0,1)) -> 8 | I15: =MIN(I14+1,H15+1,H14+IF($A15=I$4,0,1)) -> 8 | J15: =MIN(J14+1,I15+1,I14+IF($A15=J$4,0,1)) -> 8 | ... CQ15: =MIN(CQ14+1,CP15+1,CP14+IF($A15=CQ$4,0,1)) -> 88
A16: properly | B16: 11 | C16: =MIN(C15+1,B16+1,B15+IF($A16=C$4,0,1)) -> 11 | D16: =MIN(D15+1,C16+1,C15+IF($A16=D$4,0,1)) -> 11 | E16: =MIN(E15+1,D16+1,D15+IF($A16=E$4,0,1)) -> 10 | F16: =MIN(F15+1,E16+1,E15+IF($A16=F$4,0,1)) -> 9 | G16: =MIN(G15+1,F16+1,F15+IF($A16=G$4,0,1)) -> 9 | H16: =MIN(H15+1,G16+1,G15+IF($A16=H$4,0,1)) -> 9 | I16: =MIN(I15+1,H16+1,H15+IF($A16=I$4,0,1)) -> 9 | J16: =MIN(J15+1,I16+1,I15+IF($A16=J$4,0,1)) -> 9 | ... CQ16: =MIN(CQ15+1,CP16+1,CP15+IF($A16=CQ$4,0,1)) -> 88
A17: investigated | B17: 12 | C17: =MIN(C16+1,B17+1,B16+IF($A17=C$4,0,1)) -> 12 | D17: =MIN(D16+1,C17+1,C16+IF($A17=D$4,0,1)) -> 12 | E17: =MIN(E16+1,D17+1,D16+IF($A17=E$4,0,1)) -> 11 | F17: =MIN(F16+1,E17+1,E16+IF($A17=F$4,0,1)) -> 10 | G17: =MIN(G16+1,F17+1,F16+IF($A17=G$4,0,1)) -> 10 | H17: =MIN(H16+1,G17+1,G16+IF($A17=H$4,0,1)) -> 10 | I17: =MIN(I16+1,H17+1,H16+IF($A17=I$4,0,1)) -> 10 | J17: =MIN(J16+1,I17+1,I16+IF($A17=J$4,0,1)) -> 10 | ... CQ17: =MIN(CQ16+1,CP17+1,CP16+IF($A17=CQ$4,0,1)) -> 88
... A119: teaching | B119: 114 | C119: =MIN(C118+1,B119+1,B118+IF($A119=C$4,0,1)) -> 114 | D119: =MIN(D118+1,C119+1,C118+IF($A119=D$4,0,1)) -> 113 | E119: =MIN(E118+1,D119+1,D118+IF($A119=E$4,0,1)) -> 112 | F119: =MIN(F118+1,E119+1,E118+IF($A119=F$4,0,1)) -> 111 | G119: =MIN(G118+1,F119+1,F118+IF($A119=G$4,0,1)) -> 110 | H119: =MIN(H118+1,G119+1,G118+IF($A119=H$4,0,1)) -> 110 | I119: =MIN(I118+1,H119+1,H118+IF($A119=I$4,0,1)) -> 110 | J119: =MIN(J118+1,I119+1,I118+IF($A119=J$4,0,1)) -> 110 | ... CQ119: =MIN(CQ118+1,CP119+1,CP118+IF($A119=CQ$4,0,1)) -> 108

Sheet 1.2b NW completo
A1: Needleman-Wunsch con los abstracts completos (114 × 93 términos) · resultado:
A2: Celda final | B2: =CQ119 -> -100 | C2: Programa Java: | D2: -100
A4: A \ B | B4: - | C4: emergence | D4: generative | E4: artificial | F4: intelligence | G4: ai | H4: chatgpt | I4: sparked | J4: significant | K4: assessment | L4: concerns | M4: tertiary | N4: education | O4: assessment | P4: concerns | Q4: largely | R4: revolved | S4: around | T4: academic | U4: integrity | V4: issues | W4: students | X4: plagiarism | Y4: cheating | Z4: nonetheless | AA4: critical | AB4: consider | AC4: generative | AD4: ai | AE4: models | AF4: trained | AG4: information | AH4: retrieved | AI4: internet | AJ4: produce | AK4: biased | AL4: discriminatory | AM4: outputs | AN4: hallucination | AO4: issues | AP4: large | AQ4: language | AR4: models | AS4: generative | AT4: ai | AU4: acts | AV4: provide | AW4: made | AX4: untruthful | AY4: outputs | AZ4: article | BA4: considers | BB4: affordances | BC4: challenges | BD4: generative | BE4: ai | BF4: specific | BG4: assessments | BH4: tertiary | BI4: education | BJ4: illustrates | BK4: considerations | BL4: assessment | BM4: redesign | BN4: existence | BO4: generative | BP4: ai | BQ4: proposes | BR4: avoid | BS4: adopt | BT4: aaa | BU4: principle | BV4: rethink | BW4: redesign | BX4: assessments | BY4: argues | BZ4: generative | CA4: ai | CB4: tools | CC4: emerge | CD4: exponentially | CE4: hence | CF4: engaging | CG4: arms | CH4: race | CI4: generative | CJ4: ai | CK4: policing | CL4: use | CM4: technologies | CN4: address | CO4: fundamental | CP4: issues | CQ4: assessments
A5: - | B5: 0 | C5: -1 | D5: -2 | E5: -3 | F5: -4 | G5: -5 | H5: -6 | I5: -7 | J5: -8 | K5: -9 | L5: -10 | M5: -11 | N5: -12 | O5: -13 | P5: -14 | Q5: -15 | R5: -16 | S5: -17 | T5: -18 | U5: -19 | V5: -20 | W5: -21 | X5: -22 | Y5: -23 | Z5: -24 | AA5: -25 | AB5: -26 | AC5: -27 | AD5: -28 | AE5: -29 | AF5: -30 | AG5: -31 | AH5: -32 | AI5: -33 | AJ5: -34 | AK5: -35 | AL5: -36 | AM5: -37 | AN5: -38 | AO5: -39 | AP5: -40 | AQ5: -41 | AR5: -42 | AS5: -43 | AT5: -44 | AU5: -45 | AV5: -46 | AW5: -47 | AX5: -48 | AY5: -49 | AZ5: -50 | BA5: -51 | BB5: -52 | BC5: -53 | BD5: -54 | BE5: -55 | BF5: -56 | BG5: -57 | BH5: -58 | BI5: -59 | BJ5: -60 | BK5: -61 | BL5: -62 | BM5: -63 | BN5: -64 | BO5: -65 | BP5: -66 | BQ5: -67 | BR5: -68 | BS5: -69 | BT5: -70 | BU5: -71 | BV5: -72 | BW5: -73 | BX5: -74 | BY5: -75 | BZ5: -76 | CA5: -77 | CB5: -78 | CC5: -79 | CD5: -80 | CE5: -81 | CF5: -82 | CG5: -83 | CH5: -84 | CI5: -85 | CJ5: -86 | CK5: -87 | CL5: -88 | CM5: -89 | CN5: -90 | CO5: -91 | CP5: -92 | CQ5: -93
A6: generative | B6: -1 | C6: =MAX(B5+IF($A6=C$4,1,-1),C5-1,B6-1) -> -1 | D6: =MAX(C5+IF($A6=D$4,1,-1),D5-1,C6-1) -> 0 | E6: =MAX(D5+IF($A6=E$4,1,-1),E5-1,D6-1) -> -1 | F6: =MAX(E5+IF($A6=F$4,1,-1),F5-1,E6-1) -> -2 | G6: =MAX(F5+IF($A6=G$4,1,-1),G5-1,F6-1) -> -3 | H6: =MAX(G5+IF($A6=H$4,1,-1),H5-1,G6-1) -> -4 | I6: =MAX(H5+IF($A6=I$4,1,-1),I5-1,H6-1) -> -5 | J6: =MAX(I5+IF($A6=J$4,1,-1),J5-1,I6-1) -> -6 | ... CQ6: =MAX(CP5+IF($A6=CQ$4,1,-1),CQ5-1,CP6-1) -> -91
A7: artificial | B7: -2 | C7: =MAX(B6+IF($A7=C$4,1,-1),C6-1,B7-1) -> -2 | D7: =MAX(C6+IF($A7=D$4,1,-1),D6-1,C7-1) -> -1 | E7: =MAX(D6+IF($A7=E$4,1,-1),E6-1,D7-1) -> 1 | F7: =MAX(E6+IF($A7=F$4,1,-1),F6-1,E7-1) -> 0 | G7: =MAX(F6+IF($A7=G$4,1,-1),G6-1,F7-1) -> -1 | H7: =MAX(G6+IF($A7=H$4,1,-1),H6-1,G7-1) -> -2 | I7: =MAX(H6+IF($A7=I$4,1,-1),I6-1,H7-1) -> -3 | J7: =MAX(I6+IF($A7=J$4,1,-1),J6-1,I7-1) -> -4 | ... CQ7: =MAX(CP6+IF($A7=CQ$4,1,-1),CQ6-1,CP7-1) -> -89
A8: intelligence | B8: -3 | C8: =MAX(B7+IF($A8=C$4,1,-1),C7-1,B8-1) -> -3 | D8: =MAX(C7+IF($A8=D$4,1,-1),D7-1,C8-1) -> -2 | E8: =MAX(D7+IF($A8=E$4,1,-1),E7-1,D8-1) -> 0 | F8: =MAX(E7+IF($A8=F$4,1,-1),F7-1,E8-1) -> 2 | G8: =MAX(F7+IF($A8=G$4,1,-1),G7-1,F8-1) -> 1 | H8: =MAX(G7+IF($A8=H$4,1,-1),H7-1,G8-1) -> 0 | I8: =MAX(H7+IF($A8=I$4,1,-1),I7-1,H8-1) -> -1 | J8: =MAX(I7+IF($A8=J$4,1,-1),J7-1,I8-1) -> -2 | ... CQ8: =MAX(CP7+IF($A8=CQ$4,1,-1),CQ7-1,CP8-1) -> -87
A9: provides | B9: -4 | C9: =MAX(B8+IF($A9=C$4,1,-1),C8-1,B9-1) -> -4 | D9: =MAX(C8+IF($A9=D$4,1,-1),D8-1,C9-1) -> -3 | E9: =MAX(D8+IF($A9=E$4,1,-1),E8-1,D9-1) -> -1 | F9: =MAX(E8+IF($A9=F$4,1,-1),F8-1,E9-1) -> 1 | G9: =MAX(F8+IF($A9=G$4,1,-1),G8-1,F9-1) -> 1 | H9: =MAX(G8+IF($A9=H$4,1,-1),H8-1,G9-1) -> 0 | I9: =MAX(H8+IF($A9=I$4,1,-1),I8-1,H9-1) -> -1 | J9: =MAX(I8+IF($A9=J$4,1,-1),J8-1,I9-1) -> -2 | ... CQ9: =MAX(CP8+IF($A9=CQ$4,1,-1),CQ8-1,CP9-1) -> -87
A10: opportunities | B10: -5 | C10: =MAX(B9+IF($A10=C$4,1,-1),C9-1,B10-1) -> -5 | D10: =MAX(C9+IF($A10=D$4,1,-1),D9-1,C10-1) -> -4 | E10: =MAX(D9+IF($A10=E$4,1,-1),E9-1,D10-1) -> -2 | F10: =MAX(E9+IF($A10=F$4,1,-1),F9-1,E10-1) -> 0 | G10: =MAX(F9+IF($A10=G$4,1,-1),G9-1,F10-1) -> 0 | H10: =MAX(G9+IF($A10=H$4,1,-1),H9-1,G10-1) -> 0 | I10: =MAX(H9+IF($A10=I$4,1,-1),I9-1,H10-1) -> -1 | J10: =MAX(I9+IF($A10=J$4,1,-1),J9-1,I10-1) -> -2 | ... CQ10: =MAX(CP9+IF($A10=CQ$4,1,-1),CQ9-1,CP10-1) -> -87
A11: challenges | B11: -6 | C11: =MAX(B10+IF($A11=C$4,1,-1),C10-1,B11-1) -> -6 | D11: =MAX(C10+IF($A11=D$4,1,-1),D10-1,C11-1) -> -5 | E11: =MAX(D10+IF($A11=E$4,1,-1),E10-1,D11-1) -> -3 | F11: =MAX(E10+IF($A11=F$4,1,-1),F10-1,E11-1) -> -1 | G11: =MAX(F10+IF($A11=G$4,1,-1),G10-1,F11-1) -> -1 | H11: =MAX(G10+IF($A11=H$4,1,-1),H10-1,G11-1) -> -1 | I11: =MAX(H10+IF($A11=I$4,1,-1),I10-1,H11-1) -> -1 | J11: =MAX(I10+IF($A11=J$4,1,-1),J10-1,I11-1) -> -2 | ... CQ11: =MAX(CP10+IF($A11=CQ$4,1,-1),CQ10-1,CP11-1) -> -85
A12: higher | B12: -7 | C12: =MAX(B11+IF($A12=C$4,1,-1),C11-1,B12-1) -> -7 | D12: =MAX(C11+IF($A12=D$4,1,-1),D11-1,C12-1) -> -6 | E12: =MAX(D11+IF($A12=E$4,1,-1),E11-1,D12-1) -> -4 | F12: =MAX(E11+IF($A12=F$4,1,-1),F11-1,E12-1) -> -2 | G12: =MAX(F11+IF($A12=G$4,1,-1),G11-1,F12-1) -> -2 | H12: =MAX(G11+IF($A12=H$4,1,-1),H11-1,G12-1) -> -2 | I12: =MAX(H11+IF($A12=I$4,1,-1),I11-1,H12-1) -> -2 | J12: =MAX(I11+IF($A12=J$4,1,-1),J11-1,I12-1) -> -2 | ... CQ12: =MAX(CP11+IF($A12=CQ$4,1,-1),CQ11-1,CP12-1) -> -85
A13: education | B13: -8 | C13: =MAX(B12+IF($A13=C$4,1,-1),C12-1,B13-1) -> -8 | D13: =MAX(C12+IF($A13=D$4,1,-1),D12-1,C13-1) -> -7 | E13: =MAX(D12+IF($A13=E$4,1,-1),E12-1,D13-1) -> -5 | F13: =MAX(E12+IF($A13=F$4,1,-1),F12-1,E13-1) -> -3 | G13: =MAX(F12+IF($A13=G$4,1,-1),G12-1,F13-1) -> -3 | H13: =MAX(G12+IF($A13=H$4,1,-1),H12-1,G13-1) -> -3 | I13: =MAX(H12+IF($A13=I$4,1,-1),I12-1,H13-1) -> -3 | J13: =MAX(I12+IF($A13=J$4,1,-1),J12-1,I13-1) -> -3 | ... CQ13: =MAX(CP12+IF($A13=CQ$4,1,-1),CQ12-1,CP13-1) -> -83
A14: existing | B14: -9 | C14: =MAX(B13+IF($A14=C$4,1,-1),C13-1,B14-1) -> -9 | D14: =MAX(C13+IF($A14=D$4,1,-1),D13-1,C14-1) -> -8 | E14: =MAX(D13+IF($A14=E$4,1,-1),E13-1,D14-1) -> -6 | F14: =MAX(E13+IF($A14=F$4,1,-1),F13-1,E14-1) -> -4 | G14: =MAX(F13+IF($A14=G$4,1,-1),G13-1,F14-1) -> -4 | H14: =MAX(G13+IF($A14=H$4,1,-1),H13-1,G14-1) -> -4 | I14: =MAX(H13+IF($A14=I$4,1,-1),I13-1,H14-1) -> -4 | J14: =MAX(I13+IF($A14=J$4,1,-1),J13-1,I14-1) -> -4 | ... CQ14: =MAX(CP13+IF($A14=CQ$4,1,-1),CQ13-1,CP14-1) -> -83
A15: literature | B15: -10 | C15: =MAX(B14+IF($A15=C$4,1,-1),C14-1,B15-1) -> -10 | D15: =MAX(C14+IF($A15=D$4,1,-1),D14-1,C15-1) -> -9 | E15: =MAX(D14+IF($A15=E$4,1,-1),E14-1,D15-1) -> -7 | F15: =MAX(E14+IF($A15=F$4,1,-1),F14-1,E15-1) -> -5 | G15: =MAX(F14+IF($A15=G$4,1,-1),G14-1,F15-1) -> -5 | H15: =MAX(G14+IF($A15=H$4,1,-1),H14-1,G15-1) -> -5 | I15: =MAX(H14+IF($A15=I$4,1,-1),I14-1,H15-1) -> -5 | J15: =MAX(I14+IF($A15=J$4,1,-1),J14-1,I15-1) -> -5 | ... CQ15: =MAX(CP14+IF($A15=CQ$4,1,-1),CQ14-1,CP15-1) -> -83
A16: properly | B16: -11 | C16: =MAX(B15+IF($A16=C$4,1,-1),C15-1,B16-1) -> -11 | D16: =MAX(C15+IF($A16=D$4,1,-1),D15-1,C16-1) -> -10 | E16: =MAX(D15+IF($A16=E$4,1,-1),E15-1,D16-1) -> -8 | F16: =MAX(E15+IF($A16=F$4,1,-1),F15-1,E16-1) -> -6 | G16: =MAX(F15+IF($A16=G$4,1,-1),G15-1,F16-1) -> -6 | H16: =MAX(G15+IF($A16=H$4,1,-1),H15-1,G16-1) -> -6 | I16: =MAX(H15+IF($A16=I$4,1,-1),I15-1,H16-1) -> -6 | J16: =MAX(I15+IF($A16=J$4,1,-1),J15-1,I16-1) -> -6 | ... CQ16: =MAX(CP15+IF($A16=CQ$4,1,-1),CQ15-1,CP16-1) -> -83
A17: investigated | B17: -12 | C17: =MAX(B16+IF($A17=C$4,1,-1),C16-1,B17-1) -> -12 | D17: =MAX(C16+IF($A17=D$4,1,-1),D16-1,C17-1) -> -11 | E17: =MAX(D16+IF($A17=E$4,1,-1),E16-1,D17-1) -> -9 | F17: =MAX(E16+IF($A17=F$4,1,-1),F16-1,E17-1) -> -7 | G17: =MAX(F16+IF($A17=G$4,1,-1),G16-1,F17-1) -> -7 | H17: =MAX(G16+IF($A17=H$4,1,-1),H16-1,G17-1) -> -7 | I17: =MAX(H16+IF($A17=I$4,1,-1),I16-1,H17-1) -> -7 | J17: =MAX(I16+IF($A17=J$4,1,-1),J16-1,I17-1) -> -7 | ... CQ17: =MAX(CP16+IF($A17=CQ$4,1,-1),CQ16-1,CP17-1) -> -83
... A119: teaching | B119: -114 | C119: =MAX(B118+IF($A119=C$4,1,-1),C118-1,B119-1) -> -114 | D119: =MAX(C118+IF($A119=D$4,1,-1),D118-1,C119-1) -> -112 | E119: =MAX(D118+IF($A119=E$4,1,-1),E118-1,D119-1) -> -110 | F119: =MAX(E118+IF($A119=F$4,1,-1),F118-1,E119-1) -> -108 | G119: =MAX(F118+IF($A119=G$4,1,-1),G118-1,F119-1) -> -106 | H119: =MAX(G118+IF($A119=H$4,1,-1),H118-1,G119-1) -> -106 | I119: =MAX(H118+IF($A119=I$4,1,-1),I118-1,H119-1) -> -106 | J119: =MAX(I118+IF($A119=J$4,1,-1),J118-1,I119-1) -> -106 | ... CQ119: =MAX(CP118+IF($A119=CQ$4,1,-1),CQ118-1,CP119-1) -> -100

Sheet 1.3 TF-IDF coseno
A1: Coseno con TF-IDF entre los abstracts 11 y 16
A2: tf = veces que el término aparece en el abstract (COUNTIF sobre las columnas M y N); idf = log10(N / df); w = tf · idf; cos = Σ wA·wB / (|A| |B|). Código: TfIdf.java 48-71, Vectores.java 32.
A4: N (abstracts del corpus) | B4: 20 | L4: Producto punto A·B | P4: =SUM(H10:H147) -> 10.976321 | Q4: Programa Java | R4: 10.9763
A5: Términos de A (art. 11) | B5: =COUNTA(M10:M123) -> 114 | L5: |A| | P5: =SQRT(SUM(I10:I147)) -> 9.801942 | Q5: 9.8019
A6: Términos de B (art. 16) | B6: =COUNTA(N10:N102) -> 93 | L6: |B| | P6: =SQRT(SUM(J10:J147)) -> 11.183662 | Q6: 11.1837
L7: cos θ = A·B / (|A| |B|) | P7: =P4/(P5*P6) -> 0.10012917 | Q7: 0.1001
L8: θ (grados) | P8: =DEGREES(ACOS(P7)) -> 84.253391 | Q8: 84.25
A9: Término | B9: tf A | C9: tf B | D9: df | E9: idf | F9: w A | G9: w B | H9: wA · wB | I9: wA² | J9: wB² | M9: Secuencia A | N9: Secuencia B
A10: generative | B10: =COUNTIF($M$10:$M$123,A10) -> 2 | C10: =COUNTIF($N$10:$N$102,A10) -> 7 | D10: 5 | E10: =LOG10($B$4/D10) -> 0.60205999 | F10: =B10*E10 -> 1.20412 | G10: =C10*E10 -> 4.2144199 | H10: =F10*G10 -> 5.0746673 | I10: =F10^2 -> 1.4499049 | J10: =G10^2 -> 17.761335 | M10: generative | N10: emergence
A11: artificial | B11: =COUNTIF($M$10:$M$123,A11) -> 2 | C11: =COUNTIF($N$10:$N$102,A11) -> 1 | D11: 20 | E11: =LOG10($B$4/D11) -> 0 | F11: =B11*E11 -> 0 | G11: =C11*E11 -> 0 | H11: =F11*G11 -> 0 | I11: =F11^2 -> 0 | J11: =G11^2 -> 0 | M11: artificial | N11: generative
A12: intelligence | B12: =COUNTIF($M$10:$M$123,A12) -> 2 | C12: =COUNTIF($N$10:$N$102,A12) -> 1 | D12: 20 | E12: =LOG10($B$4/D12) -> 0 | F12: =B12*E12 -> 0 | G12: =C12*E12 -> 0 | H12: =F12*G12 -> 0 | I12: =F12^2 -> 0 | J12: =G12^2 -> 0 | M12: intelligence | N12: artificial
A13: provides | B13: =COUNTIF($M$10:$M$123,A13) -> 1 | C13: =COUNTIF($N$10:$N$102,A13) -> 0 | D13: 4 | E13: =LOG10($B$4/D13) -> 0.69897 | F13: =B13*E13 -> 0.69897 | G13: =C13*E13 -> 0 | H13: =F13*G13 -> 0 | I13: =F13^2 -> 0.48855907 | J13: =G13^2 -> 0 | M13: provides | N13: intelligence
A14: opportunities | B14: =COUNTIF($M$10:$M$123,A14) -> 1 | C14: =COUNTIF($N$10:$N$102,A14) -> 0 | D14: 4 | E14: =LOG10($B$4/D14) -> 0.69897 | F14: =B14*E14 -> 0.69897 | G14: =C14*E14 -> 0 | H14: =F14*G14 -> 0 | I14: =F14^2 -> 0.48855907 | J14: =G14^2 -> 0 | M14: opportunities | N14: ai
A15: challenges | B15: =COUNTIF($M$10:$M$123,A15) -> 1 | C15: =COUNTIF($N$10:$N$102,A15) -> 1 | D15: 6 | E15: =LOG10($B$4/D15) -> 0.52287875 | F15: =B15*E15 -> 0.52287875 | G15: =C15*E15 -> 0.52287875 | H15: =F15*G15 -> 0.27340218 | I15: =F15^2 -> 0.27340218 | J15: =G15^2 -> 0.27340218 | M15: challenges | N15: chatgpt
A16: higher | B16: =COUNTIF($M$10:$M$123,A16) -> 4 | C16: =COUNTIF($N$10:$N$102,A16) -> 0 | D16: 6 | E16: =LOG10($B$4/D16) -> 0.52287875 | F16: =B16*E16 -> 2.091515 | G16: =C16*E16 -> 0 | H16: =F16*G16 -> 0 | I16: =F16^2 -> 4.3744349 | J16: =G16^2 -> 0 | M16: higher | N16: sparked
A17: education | B17: =COUNTIF($M$10:$M$123,A17) -> 4 | C17: =COUNTIF($N$10:$N$102,A17) -> 2 | D17: 18 | E17: =LOG10($B$4/D17) -> 0.045757491 | F17: =B17*E17 -> 0.18302996 | G17: =C17*E17 -> 0.091514981 | H17: =F17*G17 -> 0.016749984 | I17: =F17^2 -> 0.033499967 | J17: =G17^2 -> 0.0083749918 | M17: education | N17: significant
A18: existing | B18: =COUNTIF($M$10:$M$123,A18) -> 1 | C18: =COUNTIF($N$10:$N$102,A18) -> 0 | D18: 2 | E18: =LOG10($B$4/D18) -> 1 | F18: =B18*E18 -> 1 | G18: =C18*E18 -> 0 | H18: =F18*G18 -> 0 | I18: =F18^2 -> 1 | J18: =G18^2 -> 0 | M18: existing | N18: assessment
A19: literature | B19: =COUNTIF($M$10:$M$123,A19) -> 1 | C19: =COUNTIF($N$10:$N$102,A19) -> 0 | D19: 11 | E19: =LOG10($B$4/D19) -> 0.25963731 | F19: =B19*E19 -> 0.25963731 | G19: =C19*E19 -> 0 | H19: =F19*G19 -> 0 | I19: =F19^2 -> 0.067411533 | J19: =G19^2 -> 0 | M19: literature | N19: concerns
A20: properly | B20: =COUNTIF($M$10:$M$123,A20) -> 1 | C20: =COUNTIF($N$10:$N$102,A20) -> 0 | D20: 1 | E20: =LOG10($B$4/D20) -> 1.30103 | F20: =B20*E20 -> 1.30103 | G20: =C20*E20 -> 0 | H20: =F20*G20 -> 0 | I20: =F20^2 -> 1.692679 | J20: =G20^2 -> 0 | M20: properly | N20: tertiary
A21: investigated | B21: =COUNTIF($M$10:$M$123,A21) -> 1 | C21: =COUNTIF($N$10:$N$102,A21) -> 0 | D21: 2 | E21: =LOG10($B$4/D21) -> 1 | F21: =B21*E21 -> 1 | G21: =C21*E21 -> 0 | H21: =F21*G21 -> 0 | I21: =F21^2 -> 1 | J21: =G21^2 -> 0 | M21: investigated | N21: education
... A102: plagiarism | B102: =COUNTIF($M$10:$M$123,A102) -> 0 | C102: =COUNTIF($N$10:$N$102,A102) -> 1 | D102: 2 | E102: =LOG10($B$4/D102) -> 1 | F102: =B102*E102 -> 0 | G102: =C102*E102 -> 1 | H102: =F102*G102 -> 0 | I102: =F102^2 -> 0 | J102: =G102^2 -> 1 | M102: assessment | N102: assessments
A103: cheating | B103: =COUNTIF($M$10:$M$123,A103) -> 0 | C103: =COUNTIF($N$10:$N$102,A103) -> 1 | D103: 1 | E103: =LOG10($B$4/D103) -> 1.30103 | F103: =B103*E103 -> 0 | G103: =C103*E103 -> 1.30103 | H103: =F103*G103 -> 0 | I103: =F103^2 -> 0 | J103: =G103^2 -> 1.692679 | M103: strengthened
A104: nonetheless | B104: =COUNTIF($M$10:$M$123,A104) -> 0 | C104: =COUNTIF($N$10:$N$102,A104) -> 1 | D104: 1 | E104: =LOG10($B$4/D104) -> 1.30103 | F104: =B104*E104 -> 0 | G104: =C104*E104 -> 1.30103 | H104: =F104*G104 -> 0 | I104: =F104^2 -> 0 | J104: =G104^2 -> 1.692679 | M104: iii
A105: critical | B105: =COUNTIF($M$10:$M$123,A105) -> 0 | C105: =COUNTIF($N$10:$N$102,A105) -> 1 | D105: 4 | E105: =LOG10($B$4/D105) -> 0.69897 | F105: =B105*E105 -> 0 | G105: =C105*E105 -> 0.69897 | H105: =F105*G105 -> 0 | I105: =F105^2 -> 0 | J105: =G105^2 -> 0.48855907 | M105: teachers
A106: consider | B106: =COUNTIF($M$10:$M$123,A106) -> 0 | C106: =COUNTIF($N$10:$N$102,A106) -> 1 | D106: 1 | E106: =LOG10($B$4/D106) -> 1.30103 | F106: =B106*E106 -> 0 | G106: =C106*E106 -> 1.30103 | H106: =F106*G106 -> 0 | I106: =F106^2 -> 0 | J106: =G106^2 -> 1.692679 | M106: innovative
A107: models | B107: =COUNTIF($M$10:$M$123,A107) -> 0 | C107: =COUNTIF($N$10:$N$102,A107) -> 2 | D107: 3 | E107: =LOG10($B$4/D107) -> 0.82390874 | F107: =B107*E107 -> 0 | G107: =C107*E107 -> 1.6478175 | H107: =F107*G107 -> 0 | I107: =F107^2 -> 0 | J107: =G107^2 -> 2.7153025 | M107: holistic
A108: trained | B108: =COUNTIF($M$10:$M$123,A108) -> 0 | C108: =COUNTIF($N$10:$N$102,A108) -> 1 | D108: 1 | E108: =LOG10($B$4/D108) -> 1.30103 | F108: =B108*E108 -> 0 | G108: =C108*E108 -> 1.30103 | H108: =F108*G108 -> 0 | I108: =F108^2 -> 0 | J108: =G108^2 -> 1.692679 | M108: teaching
A109: information | B109: =COUNTIF($M$10:$M$123,A109) -> 0 | C109: =COUNTIF($N$10:$N$102,A109) -> 1 | D109: 2 | E109: =LOG10($B$4/D109) -> 1 | F109: =B109*E109 -> 0 | G109: =C109*E109 -> 1 | H109: =F109*G109 -> 0 | I109: =F109^2 -> 0 | J109: =G109^2 -> 1 | M109: reflect
A110: internet | B110: =COUNTIF($M$10:$M$123,A110) -> 0 | C110: =COUNTIF($N$10:$N$102,A110) -> 1 | D110: 1 | E110: =LOG10($B$4/D110) -> 1.30103 | F110: =B110*E110 -> 0 | G110: =C110*E110 -> 1.30103 | H110: =F110*G110 -> 0 | I110: =F110^2 -> 0 | J110: =G110^2 -> 1.692679 | M110: assessment
A111: produce | B111: =COUNTIF($M$10:$M$123,A111) -> 0 | C111: =COUNTIF($N$10:$N$102,A111) -> 1 | D111: 1 | E111: =LOG10($B$4/D111) -> 1.30103 | F111: =B111*E111 -> 0 | G111: =C111*E111 -> 1.30103 | H111: =F111*G111 -> 0 | I111: =F111^2 -> 0 | J111: =G111^2 -> 1.692679 | M111: transformation
A112: biased | B112: =COUNTIF($M$10:$M$123,A112) -> 0 | C112: =COUNTIF($N$10:$N$102,A112) -> 1 | D112: 1 | E112: =LOG10($B$4/D112) -> 1.30103 | F112: =B112*E112 -> 0 | G112: =C112*E112 -> 1.30103 | H112: =F112*G112 -> 0 | I112: =F112^2 -> 0 | J112: =G112^2 -> 1.692679 | M112: educational
A113: discriminatory | B113: =COUNTIF($M$10:$M$123,A113) -> 0 | C113: =COUNTIF($N$10:$N$102,A113) -> 1 | D113: 1 | E113: =LOG10($B$4/D113) -> 1.30103 | F113: =B113*E113 -> 0 | G113: =C113*E113 -> 1.30103 | H113: =F113*G113 -> 0 | I113: =F113^2 -> 0 | J113: =G113^2 -> 1.692679 | M113: institutions
A114: outputs | B114: =COUNTIF($M$10:$M$123,A114) -> 0 | C114: =COUNTIF($N$10:$N$102,A114) -> 2 | D114: 1 | E114: =LOG10($B$4/D114) -> 1.30103 | F114: =B114*E114 -> 0 | G114: =C114*E114 -> 2.60206 | H114: =F114*G114 -> 0 | I114: =F114^2 -> 0 | J114: =G114^2 -> 6.7707162 | M114: recommended
... A123: affordances | B123: =COUNTIF($M$10:$M$123,A123) -> 0 | C123: =COUNTIF($N$10:$N$102,A123) -> 1 | D123: 1 | E123: =LOG10($B$4/D123) -> 1.30103 | F123: =B123*E123 -> 0 | G123: =C123*E123 -> 1.30103 | H123: =F123*G123 -> 0 | I123: =F123^2 -> 0 | J123: =G123^2 -> 1.692679 | M123: teaching
A124: specific | B124: =COUNTIF($M$10:$M$123,A124) -> 0 | C124: =COUNTIF($N$10:$N$102,A124) -> 1 | D124: 2 | E124: =LOG10($B$4/D124) -> 1 | F124: =B124*E124 -> 0 | G124: =C124*E124 -> 1 | H124: =F124*G124 -> 0 | I124: =F124^2 -> 0 | J124: =G124^2 -> 1
A125: assessments | B125: =COUNTIF($M$10:$M$123,A125) -> 0 | C125: =COUNTIF($N$10:$N$102,A125) -> 3 | D125: 3 | E125: =LOG10($B$4/D125) -> 0.82390874 | F125: =B125*E125 -> 0 | G125: =C125*E125 -> 2.4717262 | H125: =F125*G125 -> 0 | I125: =F125^2 -> 0 | J125: =G125^2 -> 6.1094305
A126: illustrates | B126: =COUNTIF($M$10:$M$123,A126) -> 0 | C126: =COUNTIF($N$10:$N$102,A126) -> 1 | D126: 1 | E126: =LOG10($B$4/D126) -> 1.30103 | F126: =B126*E126 -> 0 | G126: =C126*E126 -> 1.30103 | H126: =F126*G126 -> 0 | I126: =F126^2 -> 0 | J126: =G126^2 -> 1.692679
A127: considerations | B127: =COUNTIF($M$10:$M$123,A127) -> 0 | C127: =COUNTIF($N$10:$N$102,A127) -> 1 | D127: 3 | E127: =LOG10($B$4/D127) -> 0.82390874 | F127: =B127*E127 -> 0 | G127: =C127*E127 -> 0.82390874 | H127: =F127*G127 -> 0 | I127: =F127^2 -> 0 | J127: =G127^2 -> 0.67882561
A128: redesign | B128: =COUNTIF($M$10:$M$123,A128) -> 0 | C128: =COUNTIF($N$10:$N$102,A128) -> 2 | D128: 1 | E128: =LOG10($B$4/D128) -> 1.30103 | F128: =B128*E128 -> 0 | G128: =C128*E128 -> 2.60206 | H128: =F128*G128 -> 0 | I128: =F128^2 -> 0 | J128: =G128^2 -> 6.7707162
A129: existence | B129: =COUNTIF($M$10:$M$123,A129) -> 0 | C129: =COUNTIF($N$10:$N$102,A129) -> 1 | D129: 1 | E129: =LOG10($B$4/D129) -> 1.30103 | F129: =B129*E129 -> 0 | G129: =C129*E129 -> 1.30103 | H129: =F129*G129 -> 0 | I129: =F129^2 -> 0 | J129: =G129^2 -> 1.692679
A130: proposes | B130: =COUNTIF($M$10:$M$123,A130) -> 0 | C130: =COUNTIF($N$10:$N$102,A130) -> 1 | D130: 2 | E130: =LOG10($B$4/D130) -> 1 | F130: =B130*E130 -> 0 | G130: =C130*E130 -> 1 | H130: =F130*G130 -> 0 | I130: =F130^2 -> 0 | J130: =G130^2 -> 1
A131: avoid | B131: =COUNTIF($M$10:$M$123,A131) -> 0 | C131: =COUNTIF($N$10:$N$102,A131) -> 1 | D131: 1 | E131: =LOG10($B$4/D131) -> 1.30103 | F131: =B131*E131 -> 0 | G131: =C131*E131 -> 1.30103 | H131: =F131*G131 -> 0 | I131: =F131^2 -> 0 | J131: =G131^2 -> 1.692679
A132: adopt | B132: =COUNTIF($M$10:$M$123,A132) -> 0 | C132: =COUNTIF($N$10:$N$102,A132) -> 1 | D132: 1 | E132: =LOG10($B$4/D132) -> 1.30103 | F132: =B132*E132 -> 0 | G132: =C132*E132 -> 1.30103 | H132: =F132*G132 -> 0 | I132: =F132^2 -> 0 | J132: =G132^2 -> 1.692679
A133: aaa | B133: =COUNTIF($M$10:$M$123,A133) -> 0 | C133: =COUNTIF($N$10:$N$102,A133) -> 1 | D133: 1 | E133: =LOG10($B$4/D133) -> 1.30103 | F133: =B133*E133 -> 0 | G133: =C133*E133 -> 1.30103 | H133: =F133*G133 -> 0 | I133: =F133^2 -> 0 | J133: =G133^2 -> 1.692679
A134: principle | B134: =COUNTIF($M$10:$M$123,A134) -> 0 | C134: =COUNTIF($N$10:$N$102,A134) -> 1 | D134: 1 | E134: =LOG10($B$4/D134) -> 1.30103 | F134: =B134*E134 -> 0 | G134: =C134*E134 -> 1.30103 | H134: =F134*G134 -> 0 | I134: =F134^2 -> 0 | J134: =G134^2 -> 1.692679
A135: argues | B135: =COUNTIF($M$10:$M$123,A135) -> 0 | C135: =COUNTIF($N$10:$N$102,A135) -> 1 | D135: 1 | E135: =LOG10($B$4/D135) -> 1.30103 | F135: =B135*E135 -> 0 | G135: =C135*E135 -> 1.30103 | H135: =F135*G135 -> 0 | I135: =F135^2 -> 0 | J135: =G135^2 -> 1.692679
... A147: fundamental | B147: =COUNTIF($M$10:$M$123,A147) -> 0 | C147: =COUNTIF($N$10:$N$102,A147) -> 1 | D147: 1 | E147: =LOG10($B$4/D147) -> 1.30103 | F147: =B147*E147 -> 0 | G147: =C147*E147 -> 1.30103 | H147: =F147*G147 -> 0 | I147: =F147^2 -> 0 | J147: =G147^2 -> 1.692679

Sheet 1.4 Jaccard
A1: Coeficiente de Jaccard entre los conjuntos de términos de 11 y 16
A2: J(A, B) = |A ∩ B| / |A ∪ B|, con |A ∪ B| = |A| + |B| − |A ∩ B|. Los conjuntos ignoran repeticiones y orden. Código: Jaccard.java 41-46.
F4: |A| | G4: =SUM(B10:B147) -> 81 | H4: Programa Java | I4: 81
F5: |B| | G5: =SUM(C10:C147) -> 69 | I5: 69
F6: |A ∩ B| | G6: =SUM(D10:D147) -> 12 | I6: 12
F7: |A ∪ B| = |A| + |B| − |A ∩ B| | G7: =G4+G5-G6 -> 138 | I7: 138
F8: J = |A ∩ B| / |A ∪ B| | G8: =G6/G7 -> 0.086956522 | I8: 0.087
A9: Término de A ∪ B | B9: ∈ A | C9: ∈ B | D9: ∈ A ∩ B
A10: ='1.3 TF-IDF coseno'!A10 -> generative | B10: =IF('1.3 TF-IDF coseno'!B10>0,1,0) -> 1 | C10: =IF('1.3 TF-IDF coseno'!C10>0,1,0) -> 1 | D10: =B10*C10 -> 1
A11: ='1.3 TF-IDF coseno'!A11 -> artificial | B11: =IF('1.3 TF-IDF coseno'!B11>0,1,0) -> 1 | C11: =IF('1.3 TF-IDF coseno'!C11>0,1,0) -> 1 | D11: =B11*C11 -> 1
A12: ='1.3 TF-IDF coseno'!A12 -> intelligence | B12: =IF('1.3 TF-IDF coseno'!B12>0,1,0) -> 1 | C12: =IF('1.3 TF-IDF coseno'!C12>0,1,0) -> 1 | D12: =B12*C12 -> 1
A13: ='1.3 TF-IDF coseno'!A13 -> provides | B13: =IF('1.3 TF-IDF coseno'!B13>0,1,0) -> 1 | C13: =IF('1.3 TF-IDF coseno'!C13>0,1,0) -> 0 | D13: =B13*C13 -> 0
A14: ='1.3 TF-IDF coseno'!A14 -> opportunities | B14: =IF('1.3 TF-IDF coseno'!B14>0,1,0) -> 1 | C14: =IF('1.3 TF-IDF coseno'!C14>0,1,0) -> 0 | D14: =B14*C14 -> 0
A15: ='1.3 TF-IDF coseno'!A15 -> challenges | B15: =IF('1.3 TF-IDF coseno'!B15>0,1,0) -> 1 | C15: =IF('1.3 TF-IDF coseno'!C15>0,1,0) -> 1 | D15: =B15*C15 -> 1
A16: ='1.3 TF-IDF coseno'!A16 -> higher | B16: =IF('1.3 TF-IDF coseno'!B16>0,1,0) -> 1 | C16: =IF('1.3 TF-IDF coseno'!C16>0,1,0) -> 0 | D16: =B16*C16 -> 0
A17: ='1.3 TF-IDF coseno'!A17 -> education | B17: =IF('1.3 TF-IDF coseno'!B17>0,1,0) -> 1 | C17: =IF('1.3 TF-IDF coseno'!C17>0,1,0) -> 1 | D17: =B17*C17 -> 1
A18: ='1.3 TF-IDF coseno'!A18 -> existing | B18: =IF('1.3 TF-IDF coseno'!B18>0,1,0) -> 1 | C18: =IF('1.3 TF-IDF coseno'!C18>0,1,0) -> 0 | D18: =B18*C18 -> 0
A19: ='1.3 TF-IDF coseno'!A19 -> literature | B19: =IF('1.3 TF-IDF coseno'!B19>0,1,0) -> 1 | C19: =IF('1.3 TF-IDF coseno'!C19>0,1,0) -> 0 | D19: =B19*C19 -> 0
A20: ='1.3 TF-IDF coseno'!A20 -> properly | B20: =IF('1.3 TF-IDF coseno'!B20>0,1,0) -> 1 | C20: =IF('1.3 TF-IDF coseno'!C20>0,1,0) -> 0 | D20: =B20*C20 -> 0
A21: ='1.3 TF-IDF coseno'!A21 -> investigated | B21: =IF('1.3 TF-IDF coseno'!B21>0,1,0) -> 1 | C21: =IF('1.3 TF-IDF coseno'!C21>0,1,0) -> 0 | D21: =B21*C21 -> 0
... A147: ='1.3 TF-IDF coseno'!A147 -> fundamental | B147: =IF('1.3 TF-IDF coseno'!B147>0,1,0) -> 0 | C147: =IF('1.3 TF-IDF coseno'!C147>0,1,0) -> 1 | D147: =B147*C147 -> 0

Sheet GloVe vectores
A1: Vectores GloVe (glove-wiki-gigaword-100) de las palabras de los abstracts 11 y 16 · cuenta A y cuenta B = veces que aparece la palabra en cada abstract
A3: Palabra | B3: cuenta A | C3: cuenta B | D3: d1 | E3: d2 | F3: d3 | G3: d4 | H3: d5 | I3: d6 | J3: d7 | K3: d8 | L3: d9 | M3: d10 | N3: d11 | O3: d12 | P3: d13 | Q3: d14 | R3: d15 | S3: d16 | T3: d17 | U3: d18 | V3: d19 | W3: d20 | X3: d21 | Y3: d22 | Z3: d23 | AA3: d24 | AB3: d25 | AC3: d26 | AD3: d27 | AE3: d28 | AF3: d29 | AG3: d30 | AH3: d31 | AI3: d32 | AJ3: d33 | AK3: d34 | AL3: d35 | AM3: d36 | AN3: d37 | AO3: d38 | AP3: d39 | AQ3: d40 | AR3: d41 | AS3: d42 | AT3: d43 | AU3: d44 | AV3: d45 | AW3: d46 | AX3: d47 | AY3: d48 | AZ3: d49 | BA3: d50 | BB3: d51 | BC3: d52 | BD3: d53 | BE3: d54 | BF3: d55 | BG3: d56 | BH3: d57 | BI3: d58 | BJ3: d59 | BK3: d60 | BL3: d61 | BM3: d62 | BN3: d63 | BO3: d64 | BP3: d65 | BQ3: d66 | BR3: d67 | BS3: d68 | BT3: d69 | BU3: d70 | BV3: d71 | BW3: d72 | BX3: d73 | BY3: d74 | BZ3: d75 | CA3: d76 | CB3: d77 | CC3: d78 | CD3: d79 | CE3: d80 | CF3: d81 | CG3: d82 | CH3: d83 | CI3: d84 | CJ3: d85 | CK3: d86 | CL3: d87 | CM3: d88 | CN3: d89 | CO3: d90 | CP3: d91 | CQ3: d92 | CR3: d93 | CS3: d94 | CT3: d95 | CU3: d96 | CV3: d97 | CW3: d98 | CX3: d99 | CY3: d100
A4: generative | B4: =COUNTIF('1.3 TF-IDF coseno'!$M$10:$M$123,A4) -> 2 | C4: =COUNTIF('1.3 TF-IDF coseno'!$N$10:$N$102,A4) -> 7 | D4: 0.35239 | E4: 0.77988 | F4: 0.15489 | G4: 0.11259 | H4: -0.15905 | I4: 0.27251 | J4: -0.40809 | K4: -0.72692 | L4: 0.11867 | M4: 0.18027 | N4: -0.6841 | O4: 0.76745 | P4: -0.048246 | Q4: 0.57617 | R4: 0.64573 | S4: 0.19839 | T4: -0.45937 | U4: 0.79898 | V4: 1.2163 | W4: -0.708 | X4: -0.38933 | Y4: -0.76558 | Z4: 0.63064 | AA4: -0.27196 | AB4: 0.23798 | AC4: -0.41747 | AD4: 0.33256 | AE4: 0.061651 | AF4: -0.10204 | AG4: 0.66058 | AH4: -0.56434 | AI4: 0.19412 | AJ4: -0.16805 | AK4: -0.91181 | AL4: -0.075913 | AM4: -0.16567 | AN4: -0.1862 | AO4: 0.42456 | AP4: -0.93952 | AQ4: -1.3663 | AR4: 0.38085 | AS4: 0.25965 | AT4: -0.2055 | AU4: 0.59215 | AV4: -0.70678 | AW4: 0.40846 | AX4: -0.116 | AY4: 0.0039168 | AZ4: 0.065516 | BA4: 0.93922 | BB4: -0.12103 | BC4: 0.037132 | BD4: 0.39928 | BE4: -0.74498 | BF4: -0.16596 | BG4: 0.45701 | BH4: -0.17093 | BI4: -0.89102 | BJ4: -0.43618 | BK4: -0.053019 | BL4: 0.502 | BM4: -0.31475 | BN4: -1.029 | BO4: 0.34296 | BP4: 0.76058 | BQ4: 0.023688 | BR4: -0.58827 | BS4: 0.0096552 | BT4: 0.55192 | BU4: -0.23178 | BV4: -0.22511 | BW4: 0.015229 | BX4: 0.1328 | BY4: -0.016894 | BZ4: -0.44029 | CA4: -0.38795 | CB4: 0.64377 | CC4: 0.57362 | CD4: 0.018416 | CE4: -0.085088 | CF4: -0.45457 | CG4: 0.47465 | CH4: 0.22805 | CI4: 0.11104 | CJ4: -0.65214 | CK4: 0.89736 | CL4: 0.86518 | CM4: 0.12856 | CN4: -0.15918 | CO4: -0.40459 | CP4: 0.024764 | CQ4: 0.13741 | CR4: 0.22429 | CS4: -0.1663 | CT4: 0.33716 | CU4: -0.69514 | CV4: -0.022794 | CW4: -1.0914 | CX4: 0.80467 | CY4: 1.012
A5: artificial | B5: =COUNTIF('1.3 TF-IDF coseno'!$M$10:$M$123,A5) -> 2 | C5: =COUNTIF('1.3 TF-IDF coseno'!$N$10:$N$102,A5) -> 1 | D5: 0.34547 | E5: 0.31444 | F5: -0.031311 | G5: 0.63676 | H5: 0.27265 | I5: -0.61974 | J5: -0.51774 | K5: -0.2368 | L5: -0.016551 | M5: 0.034353 | N5: -0.15422 | O5: 0.043481 | P5: 0.72984 | Q5: 0.11122 | R5: 1.343 | S5: 0.30638 | T5: 0.13065 | U5: 0.94327 | V5: 0.59695 | W5: -0.3927 | X5: -0.93333 | Y5: 0.60884 | Z5: 0.40629 | AA5: 0.20508 | AB5: 0.037983 | AC5: 0.79005 | AD5: -0.49057 | AE5: -0.73495 | AF5: -0.42249 | AG5: 0.22605 | AH5: 0.028285 | AI5: -0.06285 | AJ5: -0.030594 | AK5: -0.31255 | AL5: 0.11552 | AM5: -0.21525 | AN5: -0.586 | AO5: 1.0774 | AP5: -0.36998 | AQ5: -0.13504 | AR5: -0.075997 | AS5: 0.10737 | AT5: -0.52318 | AU5: -0.2741 | AV5: 0.15267 | AW5: 0.029012 | AX5: -0.1334 | AY5: 0.4277 | AZ5: -0.72453 | BA5: 0.038834 | BB5: -0.33083 | BC5: -0.033361 | BD5: 0.82193 | BE5: 0.3142 | BF5: 0.44183 | BG5: -1.6826 | BH5: 0.25512 | BI5: -0.0073721 | BJ5: 0.6932 | BK5: 0.2951 | BL5: 0.25394 | BM5: 0.63108 | BN5: 0.072754 | BO5: 0.37056 | BP5: 0.70195 | BQ5: -0.20587 | BR5: -0.081056 | BS5: -0.98862 | BT5: -0.30614 | BU5: -1.0855 | BV5: -0.033047 | BW5: 0.29546 | BX5: 0.51402 | BY5: 0.33626 | BZ5: 0.2015 | CA5: 0.01031 | CB5: 0.79075 | CC5: 0.076796 | CD5: -0.2405 | CE5: 0.75816 | CF5: 0.63534 | CG5: -0.40973 | CH5: -0.63246 | CI5: 1.0055 | CJ5: -1.4537 | CK5: 1.0159 | CL5: 1.1268 | CM5: 0.79828 | CN5: 0.21882 | CO5: 0.24361 | CP5: 0.48333 | CQ5: -0.03308 | CR5: -0.25713 | CS5: 0.065248 | CT5: 0.3149 | CU5: -0.34215 | CV5: -0.80395 | CW5: -0.70771 | CX5: 0.76983 | CY5: -0.087996
A6: intelligence | B6: =COUNTIF('1.3 TF-IDF coseno'!$M$10:$M$123,A6) -> 2 | C6: =COUNTIF('1.3 TF-IDF coseno'!$N$10:$N$102,A6) -> 1 | D6: -0.31101 | E6: -0.43291 | F6: 0.77734 | G6: -0.31115 | H6: 0.052934 | I6: -0.8502 | J6: -0.35372 | K6: -0.70531 | L6: 0.084464 | M6: 0.88768 | N6: 0.83527 | O6: -0.41641 | P6: 0.36703 | Q6: 0.60834 | R6: 0.0085214 | S6: 0.94293 | T6: 0.5314 | U6: -0.75322 | V6: -0.86764 | W6: 0.34833 | X6: -0.29865 | Y6: -0.43442 | Z6: 0.3514 | AA6: -1.1228 | AB6: -1.2564 | AC6: -0.094171 | AD6: 0.29402 | AE6: 0.31994 | AF6: 0.086692 | AG6: 0.31915 | AH6: 0.56067 | AI6: 0.032952 | AJ6: -0.94379 | AK6: -0.58112 | AL6: 0.11274 | AM6: 0.006062 | AN6: -0.79353 | AO6: 0.70368 | AP6: 0.59687 | AQ6: 0.60501 | AR6: -0.22855 | AS6: -0.26469 | AT6: 0.045172 | AU6: 0.58118 | AV6: 0.26756 | AW6: -0.47237 | AX6: 0.29358 | AY6: -0.28342 | AZ6: -0.22823 | BA6: -0.59532 | BB6: 1.0845 | BC6: 0.21541 | BD6: 0.5789 | BE6: 1.5825 | BF6: 0.15322 | BG6: -1.3246 | BH6: 0.42594 | BI6: -0.24834 | BJ6: 1.3285 | BK6: 0.48737 | BL6: 0.17115 | BM6: 0.73042 | BN6: 0.51749 | BO6: -0.50172 | BP6: 0.23246 | BQ6: -0.33179 | BR6: -0.31772 | BS6: 0.34714 | BT6: 0.95887 | BU6: 1.5972 | BV6: 0.76459 | BW6: -0.1559 | BX6: -0.13554 | BY6: -0.97654 | BZ6: -0.29545 | CA6: 0.097254 | CB6: -0.17109 | CC6: 0.17695 | CD6: -1.1941 | CE6: 0.41086 | CF6: 1.0578 | CG6: 0.55551 | CH6: 0.034317 | CI6: -0.18596 | CJ6: -1.7366 | CK6: 0.22696 | CL6: 1.0213 | CM6: 0.80212 | CN6: -0.017432 | CO6: -0.45574 | CP6: -0.11358 | CQ6: 0.032074 | CR6: -0.37083 | CS6: 0.22161 | CT6: -0.0030162 | CU6: 0.23286 | CV6: 0.16984 | CW6: -1.0727 | CX6: -0.18416 | CY6: 0.45819
A7: provides | B7: =COUNTIF('1.3 TF-IDF coseno'!$M$10:$M$123,A7) -> 1 | C7: =COUNTIF('1.3 TF-IDF coseno'!$N$10:$N$102,A7) -> 0 | D7: -0.39901 | E7: 0.72219 | F7: 0.35761 | G7: 0.44202 | H7: 0.96065 | I7: -0.14992 | J7: -0.39474 | K7: 0.60111 | L7: -0.0069838 | M7: -0.58195 | N7: 0.38573 | O7: -0.62358 | P7: 0.09346 | Q7: 0.11159 | R7: 0.40168 | S7: -0.028122 | T7: 0.42026 | U7: -0.33642 | V7: 0.057942 | W7: 0.72631 | X7: -0.68665 | Y7: -0.43124 | Z7: -0.0045034 | AA7: -0.33352 | AB7: -0.28637 | AC7: -0.36417 | AD7: -0.24758 | AE7: -0.029707 | AF7: -1.0744 | AG7: -0.21185 | AH7: -0.52507 | AI7: 1.2239 | AJ7: -0.54441 | AK7: 0.031635 | AL7: 0.34985 | AM7: 0.17616 | AN7: -0.15284 | AO7: 0.23009 | AP7: -0.24221 | AQ7: 0.16406 | AR7: 0.072349 | AS7: -0.0056697 | AT7: -0.061041 | AU7: -0.20472 | AV7: 0.10003 | AW7: -0.19559 | AX7: -0.091668 | AY7: -0.2126 | AZ7: 0.096877 | BA7: 0.079562 | BB7: 0.029542 | BC7: -0.11805 | BD7: -0.25408 | BE7: 0.59386 | BF7: 0.055854 | BG7: -2.0044 | BH7: 0.79315 | BI7: -1.0467 | BJ7: 2.0948 | BK7: -0.093772 | BL7: 0.050717 | BM7: -0.19329 | BN7: 0.28786 | BO7: -0.37746 | BP7: 0.67984 | BQ7: -0.14231 | BR7: -0.23934 | BS7: -0.20855 | BT7: 0.61959 | BU7: 0.098884 | BV7: -0.046714 | BW7: -0.18852 | BX7: 0.47946 | BY7: 0.031469 | BZ7: 1.0589 | CA7: 0.20633 | CB7: 0.53744 | CC7: -0.068317 | CD7: -0.92857 | CE7: -0.5814 | CF7: 0.46425 | CG7: 0.0070906 | CH7: -0.55615 | CI7: -0.14932 | CJ7: -1.0091 | CK7: 0.54039 | CL7: 0.54576 | CM7: -0.12443 | CN7: 0.30695 | CO7: 0.39566 | CP7: 0.39365 | CQ7: -0.11755 | CR7: 0.19302 | CS7: -0.51727 | CT7: 0.26023 | CU7: 0.26808 | CV7: 0.1873 | CW7: -0.69134 | CX7: 0.78147 | CY7: 0.75188
A8: opportunities | B8: =COUNTIF('1.3 TF-IDF coseno'!$M$10:$M$123,A8) -> 1 | C8: =COUNTIF('1.3 TF-IDF coseno'!$N$10:$N$102,A8) -> 0 | D8: 0.24241 | E8: 0.45846 | F8: -0.29419 | G8: 0.48428 | H8: 0.70585 | I8: -0.92999 | J8: -0.51084 | K8: 0.004797 | L8: 0.052998 | M8: -0.60376 | N8: 0.032246 | O8: -0.092365 | P8: -0.29923 | Q8: -0.46016 | R8: 0.28315 | S8: -0.43575 | T8: -0.2538 | U8: 0.43662 | V8: -0.9151 | W8: 0.56403 | X8: -0.64571 | Y8: 0.10816 | Z8: -0.12087 | AA8: 0.032933 | AB8: -0.49366 | AC8: -0.44691 | AD8: 0.32416 | AE8: -0.15993 | AF8: -0.59858 | AG8: -0.34355 | AH8: -0.98357 | AI8: 0.83512 | AJ8: -0.28589 | AK8: -0.57337 | AL8: 0.35843 | AM8: -0.44298 | AN8: -0.57896 | AO8: 0.44098 | AP8: -0.78221 | AQ8: -0.11826 | AR8: -0.37672 | AS8: -0.27744 | AT8: -0.3277 | AU8: -0.0054275 | AV8: 0.10801 | AW8: -0.11084 | AX8: 0.39844 | AY8: 0.3028 | AZ8: 0.0053793 | BA8: -0.57754 | BB8: -0.79336 | BC8: 0.10131 | BD8: -1.0414 | BE8: 0.94593 | BF8: 0.80782 | BG8: -1.5309 | BH8: 0.42669 | BI8: -0.59653 | BJ8: 1.5254 | BK8: -0.26122 | BL8: -1.3743 | BM8: 0.46115 | BN8: -0.37133 | BO8: -0.21246 | BP8: 0.2623 | BQ8: -0.083545 | BR8: 0.68394 | BS8: -0.71561 | BT8: 0.73258 | BU8: -0.13596 | BV8: 0.58503 | BW8: -0.28914 | BX8: 0.068506 | BY8: -0.95085 | BZ8: 0.32352 | CA8: 0.52325 | CB8: -0.59789 | CC8: -0.31616 | CD8: -0.13341 | CE8: 0.211 | CF8: 0.55374 | CG8: 0.27205 | CH8: 0.39535 | CI8: -0.28549 | CJ8: -1.4028 | CK8: -0.24287 | CL8: -0.28634 | CM8: 0.045456 | CN8: -0.26317 | CO8: -0.53817 | CP8: -0.58188 | CQ8: -0.39642 | CR8: 0.38452 | CS8: -0.91947 | CT8: -0.65858 | CU8: 0.32465 | CV8: -0.45359 | CW8: 0.15774 | CX8: 0.41552 | CY8: 0.7696
A9: challenges | B9: =COUNTIF('1.3 TF-IDF coseno'!$M$10:$M$123,A9) -> 1 | C9: =COUNTIF('1.3 TF-IDF coseno'!$N$10:$N$102,A9) -> 1 | D9: -0.55188 | E9: 0.72829 | F9: 0.5641 | G9: 0.34889 | H9: 0.35897 | I9: -0.47325 | J9: -0.7506 | K9: -0.51533 | L9: -0.35941 | M9: -0.31772 | N9: -0.027367 | O9: -0.21891 | P9: -0.046079 | Q9: -0.29832 | R9: -0.29427 | S9: -0.52508 | T9: -0.4474 | U9: 0.92838 | V9: -0.81415 | W9: -0.33373 | X9: -0.52969 | Y9: -0.69579 | Z9: 0.11445 | AA9: -0.017317 | AB9: -0.097425 | AC9: 0.10473 | AD9: 0.18007 | AE9: -0.34489 | AF9: -0.36328 | AG9: 0.036613 | AH9: -0.31259 | AI9: -0.33701 | AJ9: 0.20393 | AK9: -0.29402 | AL9: 0.12804 | AM9: -0.23866 | AN9: -0.35718 | AO9: -0.45254 | AP9: -0.056492 | AQ9: 0.11048 | AR9: -1.3352 | AS9: 0.066692 | AT9: 0.36738 | AU9: -0.14631 | AV9: -0.30721 | AW9: 0.1073 | AX9: 0.396 | AY9: 0.089584 | AZ9: -0.48161 | BA9: -0.053925 | BB9: 0.12647 | BC9: -0.3093 | BD9: -0.19711 | BE9: 1.2096 | BF9: 1.3269 | BG9: -1.3543 | BH9: 0.6518 | BI9: -0.19616 | BJ9: 0.82636 | BK9: 0.052784 | BL9: -0.59523 | BM9: 0.21393 | BN9: -0.35276 | BO9: -0.44886 | BP9: 0.79438 | BQ9: -0.046817 | BR9: -0.11141 | BS9: -0.19855 | BT9: 0.064595 | BU9: -0.1332 | BV9: 0.55874 | BW9: 0.25807 | BX9: -0.72467 | BY9: -0.43303 | BZ9: 0.46371 | CA9: -0.057641 | CB9: -0.49447 | CC9: -0.1775 | CD9: -0.53058 | CE9: 0.30308 | CF9: 0.86124 | CG9: -0.36734 | CH9: 0.11124 | CI9: 0.2897 | CJ9: -1.5317 | CK9: -0.53935 | CL9: -0.97646 | CM9: -0.17613 | CN9: -0.53918 | CO9: -0.79721 | CP9: -0.094952 | CQ9: 0.36037 | CR9: -0.12744 | CS9: -0.30829 | CT9: 0.11184 | CU9: 0.69167 | CV9: -0.15503 | CW9: -0.40538 | CX9: 1.2264 | CY9: 0.73299
A10: higher | B10: =COUNTIF('1.3 TF-IDF coseno'!$M$10:$M$123,A10) -> 4 | C10: =COUNTIF('1.3 TF-IDF coseno'!$N$10:$N$102,A10) -> 0 | D10: 0.24193 | E10: 0.67849 | F10: 0.26217 | G10: 0.67969 | H10: -0.12476 | I10: -1.1939 | J10: -1.2223 | K10: -0.14684 | L10: -0.68103 | M10: 0.5827 | N10: -0.19876 | O10: 0.18772 | P10: -0.073993 | Q10: -0.061173 | R10: 0.39389 | S10: -0.86332 | T10: -1.0615 | U10: -0.29955 | V10: 0.19892 | W10: 0.32182 | X10: 0.31248 | Y10: -0.33117 | Z10: 0.018449 | AA10: 0.43362 | AB10: -0.0095435 | AC10: -0.48336 | AD10: 0.29628 | AE10: -1.1735 | AF10: -0.36948 | AG10: 0.26621 | AH10: 0.35377 | AI10: 0.01175 | AJ10: -0.7351 | AK10: -0.033878 | AL10: 0.34104 | AM10: 0.4893 | AN10: -0.02093 | AO10: 0.10017 | AP10: -0.41263 | AQ10: 0.18515 | AR10: -0.071737 | AS10: -0.71521 | AT10: -0.92832 | AU10: -0.46705 | AV10: 0.22142 | AW10: -0.029034 | AX10: 0.30506 | AY10: 0.092585 | AZ10: -0.03231 | BA10: -1.6898 | BB10: 0.074744 | BC10: -0.58399 | BD10: -0.0028272 | BE10: 0.91195 | BF10: -0.37544 | BG10: -1.9169 | BH10: 0.27534 | BI10: -0.45311 | BJ10: 2.6775 | BK10: -0.098016 | BL10: 0.060141 | BM10: 0.12636 | BN10: -0.57272 | BO10: 0.43858 | BP10: -0.3243 | BQ10: 0.01339 | BR10: -0.072263 | BS10: -0.36007 | BT10: 1.2853 | BU10: 0.033994 | BV10: -0.26115 | BW10: -0.14249 | BX10: 0.10828 | BY10: 0.07259 | BZ10: -0.024545 | CA10: 0.16152 | CB10: -0.28274 | CC10: -0.56382 | CD10: -0.4711 | CE10: -0.50271 | CF10: 0.22998 | CG10: 0.32401 | CH10: -1.1461 | CI10: -0.79601 | CJ10: -1.1176 | CK10: -0.74892 | CL10: 0.20702 | CM10: -0.38873 | CN10: 0.26406 | CO10: -0.19047 | CP10: -0.41098 | CQ10: 0.017099 | CR10: -0.70308 | CS10: 0.158 | CT10: -1.0358 | CU10: 0.031633 | CV10: 0.22823 | CW10: -0.26289 | CX10: 0.88606 | CY10: -0.64922
A11: education | B11: =COUNTIF('1.3 TF-IDF coseno'!$M$10:$M$123,A11) -> 4 | C11: =COUNTIF('1.3 TF-IDF coseno'!$N$10:$N$102,A11) -> 2 | D11: 0.29576 | E11: 0.76822 | F11: -0.64301 | G11: 0.3542 | H11: 0.4718 | I11: -0.1886 | J11: -0.4511 | K11: 0.4861 | L11: 0.037184 | M11: 0.89778 | N11: -0.4344 | O11: -0.6782 | P11: -0.52404 | Q11: 0.67126 | R11: 0.051964 | S11: -0.84691 | T11: 0.45369 | U11: 0.038235 | V11: -1.1173 | W11: 0.61603 | X11: -1.1429 | Y11: 0.040068 | Z11: 0.68673 | AA11: -0.099044 | AB11: -0.82311 | AC11: -0.46081 | AD11: 0.21694 | AE11: -0.91177 | AF11: -1.0395 | AG11: 0.1033 | AH11: -0.74415 | AI11: 0.96167 | AJ11: 0.063783 | AK11: 0.038383 | AL11: -0.63326 | AM11: 0.072576 | AN11: -0.96552 | AO11: 0.80286 | AP11: -0.97659 | AQ11: 0.53129 | AR11: -0.60987 | AS11: -0.13728 | AT11: -0.32801 | AU11: -0.09886 | AV11: -0.095179 | AW11: -0.34709 | AX11: 0.32289 | AY11: 0.29248 | AZ11: -0.20091 | BA11: -0.48917 | BB11: -0.071877 | BC11: -0.29989 | BD11: -0.56343 | BE11: 0.78851 | BF11: 0.15249 | BG11: -1.8269 | BH11: 0.91582 | BI11: -0.39346 | BJ11: 2.0874 | BK11: 0.020593 | BL11: 0.28569 | BM11: -0.41762 | BN11: -0.0403 | BO11: -0.5069 | BP11: 0.57702 | BQ11: 0.26037 | BR11: -0.0097665 | BS11: 0.18719 | BT11: 1.4409 | BU11: 0.48926 | BV11: 0.46 | BW11: -0.097184 | BX11: 0.061867 | BY11: -0.37088 | BZ11: -0.25459 | CA11: 0.43804 | CB11: -0.61944 | CC11: 0.40353 | CD11: -0.86386 | CE11: -1.201 | CF11: -0.42141 | CG11: 0.50534 | CH11: 0.091196 | CI11: -0.65938 | CJ11: -1.731 | CK11: 0.50761 | CL11: -0.38395 | CM11: -0.40393 | CN11: -0.08251 | CO11: -0.58137 | CP11: 0.37132 | CQ11: -0.76512 | CR11: -0.070605 | CS11: 0.64349 | CT11: -0.60163 | CU11: 0.14938 | CV11: 0.28977 | CW11: -0.62661 | CX11: 0.5522 | CY11: -0.068743
A12: existing | B12: =COUNTIF('1.3 TF-IDF coseno'!$M$10:$M$123,A12) -> 1 | C12: =COUNTIF('1.3 TF-IDF coseno'!$N$10:$N$102,A12) -> 0 | D12: 0.073762 | E12: 0.32863 | F12: 0.010592 | G12: 0.2834 | H12: -0.10044 | I12: -0.61907 | J12: -0.76746 | K12: 0.11927 | L12: 0.18218 | M12: 0.78544 | N12: 0.14651 | O12: 0.025413 | P12: 0.35077 | Q12: -0.22578 | R12: 0.46994 | S12: -0.84285 | T12: 0.46661 | U12: 0.49999 | V12: 0.068142 | W12: -0.2657 | X12: -0.23393 | Y12: -0.35209 | Z12: 0.47979 | AA12: 0.24575 | AB12: -0.057719 | AC12: -1.1909 | AD12: 0.2117 | AE12: -0.95552 | AF12: -0.58426 | AG12: 0.56775 | AH12: 0.41577 | AI12: 0.80948 | AJ12: -0.21897 | AK12: -0.64616 | AL12: -0.23008 | AM12: 0.38661 | AN12: 0.43897 | AO12: -0.8437 | AP12: -0.41319 | AQ12: -0.044477 | AR12: 0.14951 | AS12: -0.47787 | AT12: 0.1795 | AU12: 0.35893 | AV12: 0.4274 | AW12: 0.50824 | AX12: -0.28022 | AY12: 0.010362 | AZ12: -0.38428 | BA12: -0.38558 | BB12: 0.22059 | BC12: 0.37914 | BD12: -0.068147 | BE12: 0.29043 | BF12: 0.3378 | BG12: -1.6657 | BH12: 0.49844 | BI12: -0.70097 | BJ12: 1.8162 | BK12: 0.10784 | BL12: -0.3033 | BM12: 0.13195 | BN12: 0.19096 | BO12: 0.38976 | BP12: 0.58666 | BQ12: 0.57633 | BR12: -0.2449 | BS12: 0.077876 | BT12: 0.26966 | BU12: -0.54794 | BV12: 0.6725 | BW12: 0.30101 | BX12: 0.35807 | BY12: -0.46903 | BZ12: 0.65306 | CA12: -0.40899 | CB12: -0.018725 | CC12: 0.068953 | CD12: -1.0777 | CE12: 0.13018 | CF12: 0.71381 | CG12: -0.26825 | CH12: 0.070788 | CI12: 0.53845 | CJ12: -1.4113 | CK12: 1.0172 | CL12: -0.079068 | CM12: -0.22278 | CN12: -0.017293 | CO12: 0.65826 | CP12: -0.60836 | CQ12: 0.066255 | CR12: -0.40972 | CS12: -0.58786 | CT12: -0.44147 | CU12: -0.19963 | CV12: -0.14276 | CW12: -0.15333 | CX12: 1.0243 | CY12: 0.47624
A13: literature | B13: =COUNTIF('1.3 TF-IDF coseno'!$M$10:$M$123,A13) -> 1 | C13: =COUNTIF('1.3 TF-IDF coseno'!$N$10:$N$102,A13) -> 0 | D13: 0.28503 | E13: 0.80416 | F13: -0.19562 | G13: 0.71979 | H13: 1.1669 | I13: 0.50556 | J13: 0.24695 | K13: -1.1224 | L13: -0.40798 | M13: 0.377 | N13: -0.78227 | O13: -0.20613 | P13: -0.31861 | Q13: 0.82327 | R13: -0.63337 | S13: 0.28112 | T13: 0.40703 | U13: -0.20191 | V13: 0.0086258 | W13: 0.5585 | X13: -0.51683 | Y13: -0.16477 | Z13: 0.49673 | AA13: -0.21243 | AB13: 0.0025228 | AC13: -0.63552 | AD13: 0.22567 | AE13: -0.75243 | AF13: 0.18837 | AG13: -0.20035 | AH13: -0.87598 | AI13: 0.072468 | AJ13: -0.84329 | AK13: -0.198 | AL13: -0.3244 | AM13: -0.018427 | AN13: -0.63865 | AO13: 0.57961 | AP13: -1.2131 | AQ13: 0.050426 | AR13: -0.98854 | AS13: 0.27221 | AT13: -0.97066 | AU13: -0.28447 | AV13: 0.11899 | AW13: -0.96506 | AX13: 0.64593 | AY13: -0.275 | AZ13: -0.091021 | BA13: 0.37778 | BB13: 0.8973 | BC13: 0.53188 | BD13: 0.63449 | BE13: 0.34218 | BF13: -0.49693 | BG13: -1.0754 | BH13: -0.41038 | BI13: 0.10435 | BJ13: 0.95883 | BK13: 0.17484 | BL13: 0.067505 | BM13: 1.4263 | BN13: -0.43348 | BO13: -0.53848 | BP13: 0.88093 | BQ13: 0.013147 | BR13: 0.64924 | BS13: 0.081101 | BT13: 0.83849 | BU13: 0.088919 | BV13: 0.099251 | BW13: 0.73782 | BX13: 0.7403 | BY13: 0.17657 | BZ13: -1.0219 | CA13: 0.40102 | CB13: -0.20379 | CC13: 0.15329 | CD13: -0.90012 | CE13: -0.65746 | CF13: -0.8946 | CG13: -0.023217 | CH13: -0.29988 | CI13: -0.3083 | CJ13: -1.2622 | CK13: 0.41332 | CL13: -0.74572 | CM13: -1.2287 | CN13: 0.16423 | CO13: -0.43918 | CP13: 0.19205 | CQ13: -0.68811 | CR13: 0.32792 | CS13: 0.47319 | CT13: -0.087294 | CU13: 0.3314 | CV13: -0.27924 | CW13: -0.7853 | CX13: 0.33028 | CY13: 0.69559
A14: properly | B14: =COUNTIF('1.3 TF-IDF coseno'!$M$10:$M$123,A14) -> 1 | C14: =COUNTIF('1.3 TF-IDF coseno'!$N$10:$N$102,A14) -> 0 | D14: -0.72778 | E14: 0.0014966 | F14: -0.26363 | G14: 0.29744 | H14: -0.45792 | I14: 0.67171 | J14: -0.1795 | K14: 0.13456 | L14: 0.51117 | M14: 0.10595 | N14: 0.37352 | O14: 0.22011 | P14: 1.2038 | Q14: 0.18638 | R14: -0.53893 | S14: -0.81158 | T14: 0.31678 | U14: 0.79218 | V14: -0.82943 | W14: -0.94989 | X14: -0.40572 | Y14: -0.63596 | Z14: 0.036332 | AA14: -0.71016 | AB14: -0.7612 | AC14: -0.29572 | AD14: -1.0716 | AE14: -0.17809 | AF14: -0.10064 | AG14: 0.29243 | AH14: 0.28197 | AI14: 0.48215 | AJ14: 0.019815 | AK14: 0.33322 | AL14: 0.63177 | AM14: -0.029153 | AN14: -0.1967 | AO14: -0.30371 | AP14: -0.22438 | AQ14: -0.41432 | AR14: 0.076334 | AS14: -0.43999 | AT14: -0.18223 | AU14: -0.39151 | AV14: -0.49884 | AW14: 0.049789 | AX14: -0.076897 | AY14: -0.46406 | AZ14: -0.5476 | BA14: -1.4495 | BB14: 0.086827 | BC14: -0.15255 | BD14: 0.31607 | BE14: 0.98073 | BF14: -0.25933 | BG14: -0.74564 | BH14: 0.1022 | BI14: -0.044618 | BJ14: 1.3078 | BK14: -0.16488 | BL14: -0.04739 | BM14: 0.64905 | BN14: -0.26571 | BO14: -0.075779 | BP14: 0.56556 | BQ14: -0.13114 | BR14: 0.14195 | BS14: 0.39849 | BT14: 0.13668 | BU14: -0.11201 | BV14: -0.020214 | BW14: 0.13884 | BX14: 0.7741 | BY14: 0.1426 | BZ14: 0.93711 | CA14: -0.065979 | CB14: -0.62063 | CC14: -0.16809 | CD14: -0.2235 | CE14: -0.02518 | CF14: 0.46952 | CG14: 0.20774 | CH14: -0.88015 | CI14: 0.82518 | CJ14: -1.3919 | CK14: -0.12509 | CL14: 0.36848 | CM14: 0.53325 | CN14: -1.1022 | CO14: 0.050293 | CP14: -0.69632 | CQ14: -0.27261 | CR14: -0.27611 | CS14: -0.51208 | CT14: 0.60401 | CU14: 0.44316 | CV14: 0.14461 | CW14: -0.33565 | CX14: 0.081419 | CY14: -0.311
A15: investigated | B15: =COUNTIF('1.3 TF-IDF coseno'!$M$10:$M$123,A15) -> 1 | C15: =COUNTIF('1.3 TF-IDF coseno'!$N$10:$N$102,A15) -> 0 | D15: -0.065392 | E15: -0.35683 | F15: -0.37739 | G15: 0.3183 | H15: 0.025487 | I15: 0.22394 | J15: 0.28991 | K15: 0.36375 | L15: 0.20796 | M15: 0.22876 | N15: 0.30949 | O15: 0.64224 | P15: 0.69943 | Q15: 0.2816 | R15: -0.32673 | S15: -0.012818 | T15: 0.076488 | U15: 0.099755 | V15: -1.1594 | W15: 0.29107 | X15: -0.069093 | Y15: -0.23513 | Z15: -0.034342 | AA15: -0.3061 | AB15: -0.94728 | AC15: -0.62386 | AD15: 0.47035 | AE15: 0.13447 | AF15: -0.42196 | AG15: 0.44321 | AH15: 0.60193 | AI15: 0.05944 | AJ15: -0.41473 | AK15: 0.42768 | AL15: -0.15831 | AM15: -0.23716 | AN15: -0.46589 | AO15: -0.30085 | AP15: 0.14407 | AQ15: 0.28863 | AR15: -0.70053 | AS15: -0.45912 | AT15: -0.097348 | AU15: -0.31647 | AV15: 0.016463 | AW15: 0.49265 | AX15: 0.3536 | AY15: -0.31547 | AZ15: 0.031276 | BA15: -0.84855 | BB15: 0.90403 | BC15: -0.2559 | BD15: -0.12413 | BE15: 0.72594 | BF15: -0.59232 | BG15: -0.14474 | BH15: -0.14202 | BI15: 0.25859 | BJ15: 0.74949 | BK15: 0.47661 | BL15: -0.50522 | BM15: 0.41435 | BN15: -0.054405 | BO15: -0.02283 | BP15: 1.0169 | BQ15: -0.60738 | BR15: 0.21154 | BS15: 0.6183 | BT15: 0.45419 | BU15: 0.909 | BV15: 0.16449 | BW15: -0.13627 | BX15: -0.049526 | BY15: 0.47615 | BZ15: -0.091446 | CA15: -0.45692 | CB15: 0.23278 | CC15: -0.42196 | CD15: -1.3264 | CE15: 0.38805 | CF15: 0.53977 | CG15: 0.39247 | CH15: 0.15028 | CI15: 0.39075 | CJ15: -0.80428 | CK15: -0.32212 | CL15: 0.10052 | CM15: 0.45731 | CN15: -0.83618 | CO15: -0.40472 | CP15: -0.51531 | CQ15: -0.48251 | CR15: -0.56534 | CS15: 0.0082466 | CT15: 0.93947 | CU15: 0.89816 | CV15: -0.60541 | CW15: -0.32857 | CX15: 0.16589 | CY15: -0.77954
... A140: fundamental | B140: =COUNTIF('1.3 TF-IDF coseno'!$M$10:$M$123,A140) -> 0 | C140: =COUNTIF('1.3 TF-IDF coseno'!$N$10:$N$102,A140) -> 1 | D140: 0.10025 | E140: 0.28797 | F140: 0.2426 | G140: 0.84315 | H140: 0.13604 | I140: -0.59634 | J140: -0.54454 | K140: -0.7633 | L140: 0.21157 | M140: -0.10222 | N140: -0.15331 | O140: -0.094618 | P140: 0.070312 | Q140: 0.13812 | R140: -0.65514 | S140: 0.07158 | T140: -0.49063 | U140: 0.96025 | V140: -0.10696 | W140: -0.35087 | X140: 0.21949 | Y140: -0.55276 | Z140: 0.0078851 | AA140: -0.10504 | AB140: 0.45906 | AC140: -0.54729 | AD140: 0.29889 | AE140: -0.40159 | AF140: -0.54866 | AG140: 0.37498 | AH140: -0.25781 | AI140: 0.56397 | AJ140: 0.092455 | AK140: -0.063926 | AL140: -0.37283 | AM140: -0.29336 | AN140: 0.24531 | AO140: 0.36443 | AP140: 0.018076 | AQ140: -0.29163 | AR140: -0.6987 | AS140: -0.013399 | AT140: 0.80805 | AU140: 0.040314 | AV140: -0.80048 | AW140: 0.1572 | AX140: 0.46389 | AY140: 0.59088 | AZ140: -1.5594 | BA140: -0.24908 | BB140: 0.72184 | BC140: -0.0075456 | BD140: -0.42624 | BE140: 0.52116 | BF140: 0.30912 | BG140: -1.0198 | BH140: 1.5516 | BI140: -0.51851 | BJ140: 1.766 | BK140: 0.1088 | BL140: -0.19223 | BM140: -0.060452 | BN140: -0.99196 | BO140: -0.38021 | BP140: 1.0989 | BQ140: 0.12126 | BR140: -0.27391 | BS140: -0.30143 | BT140: 0.11329 | BU140: -0.35805 | BV140: -0.080754 | BW140: 0.64521 | BX140: 0.25768 | BY140: -0.24701 | BZ140: 0.46992 | CA140: -0.22528 | CB140: 0.0057228 | CC140: -0.46904 | CD140: -0.83618 | CE140: 0.032032 | CF140: 0.04039 | CG140: -0.054676 | CH140: -0.067769 | CI140: 0.24117 | CJ140: -1.2289 | CK140: 0.37108 | CL140: -0.048597 | CM140: -0.12255 | CN140: -0.29599 | CO140: -0.47983 | CP140: -0.75433 | CQ140: -0.32694 | CR140: -0.66916 | CS140: 0.24582 | CT140: -0.15113 | CU140: -0.12506 | CV140: -0.12546 | CW140: -1.5529 | CX140: -0.011896 | CY140: 1.3481

Sheet 1.5 GloVe
A1: GloVe: promedio de vectores de palabra y coseno
A2: v(abstract) = (1/k) Σ v(palabra) sobre las k palabras que tienen vector (chatgpt no está en GloVe); cos = vA·vB / (|vA| |vB|). Código: EmbeddingsGlove.java 60-81.
J3: Programa Java
A4: Palabras de A con vector (k_A) | B4: =SUM('GloVe vectores'!B4:B140) -> 114 | C4: Programa: 114 de 114 | H4: vA · vB | I4: =SUM(D8:D107) -> 7.5719394 | J4: 7.5719
A5: Palabras de B con vector (k_B) | B5: =SUM('GloVe vectores'!C4:C140) -> 92 | C5: Programa: 92 de 93 | H5: |vA| | I5: =SQRT(SUM(E8:E107)) -> 3.1999076 | J5: 3.1999
H6: |vB| | I6: =SQRT(SUM(F8:F107)) -> 2.5322661 | J6: 2.5323
A7: Dimensión | B7: vA promedio | C7: vB promedio | D7: vA · vB | E7: vA² | F7: vB² | H7: cos θ | I7: =I4/(I5*I6) -> 0.9344592 | J7: 0.9345
A8: 1 | B8: =SUMPRODUCT('GloVe vectores'!$B$4:$B$140,'GloVe vectores'!D4:D140)/$B$4 -> -0.066305789 | C8: =SUMPRODUCT('GloVe vectores'!$C$4:$C$140,'GloVe vectores'!D4:D140)/$B$5 -> -0.083495087 | D8: =B8*C8 -> 0.0055362077 | E8: =B8^2 -> 0.0043964577 | F8: =C8^2 -> 0.0069714295 | H8: θ (grados) | I8: =DEGREES(ACOS(I7)) -> 20.85905 | J8: 20.86
A9: 2 | B9: =SUMPRODUCT('GloVe vectores'!$B$4:$B$140,'GloVe vectores'!E4:E140)/$B$4 -> 0.26452803 | C9: =SUMPRODUCT('GloVe vectores'!$C$4:$C$140,'GloVe vectores'!E4:E140)/$B$5 -> 0.26412788 | D9: =B9*C9 -> 0.069869228 | E9: =B9^2 -> 0.069975077 | F9: =C9^2 -> 0.06976354 | H9: Distancia euclidiana | I9: =SQRT(SUMPRODUCT((B8:B107-C8:C107)^2)) -> 1.2279665 | J9: 1.228
A10: 3 | B10: =SUMPRODUCT('GloVe vectores'!$B$4:$B$140,'GloVe vectores'!F4:F140)/$B$4 -> -0.060239026 | C10: =SUMPRODUCT('GloVe vectores'!$C$4:$C$140,'GloVe vectores'!F4:F140)/$B$5 -> 0.18888988 | D10: =B10*C10 -> -0.011378542 | E10: =B10^2 -> 0.0036287403 | F10: =C10^2 -> 0.035679386
A11: 4 | B11: =SUMPRODUCT('GloVe vectores'!$B$4:$B$140,'GloVe vectores'!G4:G140)/$B$4 -> 0.21842647 | C11: =SUMPRODUCT('GloVe vectores'!$C$4:$C$140,'GloVe vectores'!G4:G140)/$B$5 -> 0.16851344 | D11: =B11*C11 -> 0.036807796 | E11: =B11^2 -> 0.047710124 | F11: =C11^2 -> 0.028396778
A12: 5 | B12: =SUMPRODUCT('GloVe vectores'!$B$4:$B$140,'GloVe vectores'!H4:H140)/$B$4 -> 0.015617943 | C12: =SUMPRODUCT('GloVe vectores'!$C$4:$C$140,'GloVe vectores'!H4:H140)/$B$5 -> -0.039986174 | D12: =B12*C12 -> -0.00062450178 | E12: =B12^2 -> 0.00024392014 | F12: =C12^2 -> 0.0015988941
A13: 6 | B13: =SUMPRODUCT('GloVe vectores'!$B$4:$B$140,'GloVe vectores'!I4:I140)/$B$4 -> -0.098042783 | C13: =SUMPRODUCT('GloVe vectores'!$C$4:$C$140,'GloVe vectores'!I4:I140)/$B$5 -> -0.091169663 | D13: =B13*C13 -> 0.0089385275 | E13: =B13^2 -> 0.0096123874 | F13: =C13^2 -> 0.0083119075
A14: 7 | B14: =SUMPRODUCT('GloVe vectores'!$B$4:$B$140,'GloVe vectores'!J4:J140)/$B$4 -> -0.16112733 | C14: =SUMPRODUCT('GloVe vectores'!$C$4:$C$140,'GloVe vectores'!J4:J140)/$B$5 -> -0.21504405 | D14: =B14*C14 -> 0.034649474 | E14: =B14^2 -> 0.025962016 | F14: =C14^2 -> 0.046243945
A15: 8 | B15: =SUMPRODUCT('GloVe vectores'!$B$4:$B$140,'GloVe vectores'!K4:K140)/$B$4 -> 0.079536889 | C15: =SUMPRODUCT('GloVe vectores'!$C$4:$C$140,'GloVe vectores'!K4:K140)/$B$5 -> -0.097815516 | D15: =B15*C15 -> -0.0077799419 | E15: =B15^2 -> 0.0063261168 | F15: =C15^2 -> 0.0095678752
A16: 9 | B16: =SUMPRODUCT('GloVe vectores'!$B$4:$B$140,'GloVe vectores'!L4:L140)/$B$4 -> -0.21750608 | C16: =SUMPRODUCT('GloVe vectores'!$C$4:$C$140,'GloVe vectores'!L4:L140)/$B$5 -> 0.1356724 | D16: =B16*C16 -> -0.029509572 | E16: =B16^2 -> 0.047308897 | F16: =C16^2 -> 0.018407
A17: 10 | B17: =SUMPRODUCT('GloVe vectores'!$B$4:$B$140,'GloVe vectores'!M4:M140)/$B$4 -> 0.29500092 | C17: =SUMPRODUCT('GloVe vectores'!$C$4:$C$140,'GloVe vectores'!M4:M140)/$B$5 -> 0.20375446 | D17: =B17*C17 -> 0.060107752 | E17: =B17^2 -> 0.08702554 | F17: =C17^2 -> 0.04151588
A18: 11 | B18: =SUMPRODUCT('GloVe vectores'!$B$4:$B$140,'GloVe vectores'!N4:N140)/$B$4 -> -0.0074454789 | C18: =SUMPRODUCT('GloVe vectores'!$C$4:$C$140,'GloVe vectores'!N4:N140)/$B$5 -> -0.025235971 | D18: =B18*C18 -> 0.00018789389 | E18: =B18^2 -> 5.5435157e-05 | F18: =C18^2 -> 0.00063685421
A19: 12 | B19: =SUMPRODUCT('GloVe vectores'!$B$4:$B$140,'GloVe vectores'!O4:O140)/$B$4 -> -0.22007763 | C19: =SUMPRODUCT('GloVe vectores'!$C$4:$C$140,'GloVe vectores'!O4:O140)/$B$5 -> 0.0023128814 | D19: =B19*C19 -> -0.00050901346 | E19: =B19^2 -> 0.048434164 | F19: =C19^2 -> 5.3494204e-06
A20: 13 | B20: =SUMPRODUCT('GloVe vectores'!$B$4:$B$140,'GloVe vectores'!P4:P140)/$B$4 -> 0.1510017 | C20: =SUMPRODUCT('GloVe vectores'!$C$4:$C$140,'GloVe vectores'!P4:P140)/$B$5 -> 0.12762048 | D20: =B20*C20 -> 0.019270911 | E20: =B20^2 -> 0.022801514 | F20: =C20^2 -> 0.016286988
A21: 14 | B21: =SUMPRODUCT('GloVe vectores'!$B$4:$B$140,'GloVe vectores'!Q4:Q140)/$B$4 -> -0.018673025 | C21: =SUMPRODUCT('GloVe vectores'!$C$4:$C$140,'GloVe vectores'!Q4:Q140)/$B$5 -> 0.0018752272 | D21: =B21*C21 -> -3.5016163e-05 | E21: =B21^2 -> 0.00034868185 | F21: =C21^2 -> 3.516477e-06
A22: 15 | B22: =SUMPRODUCT('GloVe vectores'!$B$4:$B$140,'GloVe vectores'!R4:R140)/$B$4 -> 0.057314464 | C22: =SUMPRODUCT('GloVe vectores'!$C$4:$C$140,'GloVe vectores'!R4:R140)/$B$5 -> 0.10235206 | D22: =B22*C22 -> 0.0058662533 | E22: =B22^2 -> 0.0032849478 | F22: =C22^2 -> 0.010475944
A23: 16 | B23: =SUMPRODUCT('GloVe vectores'!$B$4:$B$140,'GloVe vectores'!S4:S140)/$B$4 -> -0.0034906114 | C23: =SUMPRODUCT('GloVe vectores'!$C$4:$C$140,'GloVe vectores'!S4:S140)/$B$5 -> -0.011789728 | D23: =B23*C23 -> 4.115336e-05 | E23: =B23^2 -> 1.2184368e-05 | F23: =C23^2 -> 0.00013899769
A24: 17 | B24: =SUMPRODUCT('GloVe vectores'!$B$4:$B$140,'GloVe vectores'!T4:T140)/$B$4 -> 0.15716626 | C24: =SUMPRODUCT('GloVe vectores'!$C$4:$C$140,'GloVe vectores'!T4:T140)/$B$5 -> -0.0031815543 | D24: =B24*C24 -> -0.00050003299 | E24: =B24^2 -> 0.024701233 | F24: =C24^2 -> 1.0122288e-05
A25: 18 | B25: =SUMPRODUCT('GloVe vectores'!$B$4:$B$140,'GloVe vectores'!U4:U140)/$B$4 -> 0.11082025 | C25: =SUMPRODUCT('GloVe vectores'!$C$4:$C$140,'GloVe vectores'!U4:U140)/$B$5 -> 0.24155392 | D25: =B25*C25 -> 0.026769066 | E25: =B25^2 -> 0.012281128 | F25: =C25^2 -> 0.058348298
A26: 19 | B26: =SUMPRODUCT('GloVe vectores'!$B$4:$B$140,'GloVe vectores'!V4:V140)/$B$4 -> -0.29982064 | C26: =SUMPRODUCT('GloVe vectores'!$C$4:$C$140,'GloVe vectores'!V4:V140)/$B$5 -> -0.056972754 | D26: =B26*C26 -> 0.017081608 | E26: =B26^2 -> 0.089892417 | F26: =C26^2 -> 0.0032458947
A27: 20 | B27: =SUMPRODUCT('GloVe vectores'!$B$4:$B$140,'GloVe vectores'!W4:W140)/$B$4 -> 0.17823688 | C27: =SUMPRODUCT('GloVe vectores'!$C$4:$C$140,'GloVe vectores'!W4:W140)/$B$5 -> 0.040335522 | D27: =B27*C27 -> 0.0071892775 | E27: =B27^2 -> 0.031768385 | F27: =C27^2 -> 0.0016269543
A28: 21 | B28: =SUMPRODUCT('GloVe vectores'!$B$4:$B$140,'GloVe vectores'!X4:X140)/$B$4 -> -0.29624392 | C28: =SUMPRODUCT('GloVe vectores'!$C$4:$C$140,'GloVe vectores'!X4:X140)/$B$5 -> -0.10819423 | D28: =B28*C28 -> 0.032051882 | E28: =B28^2 -> 0.087760461 | F28: =C28^2 -> 0.011705991
A29: 22 | B29: =SUMPRODUCT('GloVe vectores'!$B$4:$B$140,'GloVe vectores'!Y4:Y140)/$B$4 -> -0.21605356 | C29: =SUMPRODUCT('GloVe vectores'!$C$4:$C$140,'GloVe vectores'!Y4:Y140)/$B$5 -> -0.25408687 | D29: =B29*C29 -> 0.054896372 | E29: =B29^2 -> 0.046679139 | F29: =C29^2 -> 0.064560137
A30: 23 | B30: =SUMPRODUCT('GloVe vectores'!$B$4:$B$140,'GloVe vectores'!Z4:Z140)/$B$4 -> 0.083142496 | C30: =SUMPRODUCT('GloVe vectores'!$C$4:$C$140,'GloVe vectores'!Z4:Z140)/$B$5 -> 0.16278838 | D30: =B30*C30 -> 0.013534632 | E30: =B30^2 -> 0.0069126747 | F30: =C30^2 -> 0.026500057
A31: 24 | B31: =SUMPRODUCT('GloVe vectores'!$B$4:$B$140,'GloVe vectores'!AA4:AA140)/$B$4 -> -0.011753003 | C31: =SUMPRODUCT('GloVe vectores'!$C$4:$C$140,'GloVe vectores'!AA4:AA140)/$B$5 -> -0.0010415174 | D31: =B31*C31 -> 1.2240957e-05 | E31: =B31^2 -> 0.00013813307 | F31: =C31^2 -> 1.0847585e-06
A32: 25 | B32: =SUMPRODUCT('GloVe vectores'!$B$4:$B$140,'GloVe vectores'!AB4:AB140)/$B$4 -> -0.32201237 | C32: =SUMPRODUCT('GloVe vectores'!$C$4:$C$140,'GloVe vectores'!AB4:AB140)/$B$5 -> -0.15875655 | D32: =B32*C32 -> 0.051121572 | E32: =B32^2 -> 0.10369197 | F32: =C32^2 -> 0.025203641
A33: 26 | B33: =SUMPRODUCT('GloVe vectores'!$B$4:$B$140,'GloVe vectores'!AC4:AC140)/$B$4 -> -0.28203901 | C33: =SUMPRODUCT('GloVe vectores'!$C$4:$C$140,'GloVe vectores'!AC4:AC140)/$B$5 -> -0.15063317 | D33: =B33*C33 -> 0.04248443 | E33: =B33^2 -> 0.079546005 | F33: =C33^2 -> 0.022690351
A34: 27 | B34: =SUMPRODUCT('GloVe vectores'!$B$4:$B$140,'GloVe vectores'!AD4:AD140)/$B$4 -> 0.089076774 | C34: =SUMPRODUCT('GloVe vectores'!$C$4:$C$140,'GloVe vectores'!AD4:AD140)/$B$5 -> 0.095127543 | D34: =B34*C34 -> 0.0084736547 | E34: =B34^2 -> 0.0079346716 | F34: =C34^2 -> 0.0090492495
A35: 28 | B35: =SUMPRODUCT('GloVe vectores'!$B$4:$B$140,'GloVe vectores'!AE4:AE140)/$B$4 -> -0.26329885 | C35: =SUMPRODUCT('GloVe vectores'!$C$4:$C$140,'GloVe vectores'!AE4:AE140)/$B$5 -> -0.13916475 | D35: =B35*C35 -> 0.036641919 | E35: =B35^2 -> 0.069326285 | F35: =C35^2 -> 0.019366828
A36: 29 | B36: =SUMPRODUCT('GloVe vectores'!$B$4:$B$140,'GloVe vectores'!AF4:AF140)/$B$4 -> -0.29774404 | C36: =SUMPRODUCT('GloVe vectores'!$C$4:$C$140,'GloVe vectores'!AF4:AF140)/$B$5 -> -0.24266347 | D36: =B36*C36 -> 0.072251602 | E36: =B36^2 -> 0.08865151 | F36: =C36^2 -> 0.058885562
A37: 30 | B37: =SUMPRODUCT('GloVe vectores'!$B$4:$B$140,'GloVe vectores'!AG4:AG140)/$B$4 -> 0.17754011 | C37: =SUMPRODUCT('GloVe vectores'!$C$4:$C$140,'GloVe vectores'!AG4:AG140)/$B$5 -> 0.12139762 | D37: =B37*C37 -> 0.021552948 | E37: =B37^2 -> 0.031520491 | F37: =C37^2 -> 0.014737383
A38: 31 | B38: =SUMPRODUCT('GloVe vectores'!$B$4:$B$140,'GloVe vectores'!AH4:AH140)/$B$4 -> -0.16258689 | C38: =SUMPRODUCT('GloVe vectores'!$C$4:$C$140,'GloVe vectores'!AH4:AH140)/$B$5 -> -0.16160892 | D38: =B38*C38 -> 0.026275491 | E38: =B38^2 -> 0.026434498 | F38: =C38^2 -> 0.026117441
A39: 32 | B39: =SUMPRODUCT('GloVe vectores'!$B$4:$B$140,'GloVe vectores'!AI4:AI140)/$B$4 -> 0.3623489 | C39: =SUMPRODUCT('GloVe vectores'!$C$4:$C$140,'GloVe vectores'!AI4:AI140)/$B$5 -> 0.27291692 | D39: =B39*C39 -> 0.098891147 | E39: =B39^2 -> 0.13129672 | F39: =C39^2 -> 0.074483647
A40: 33 | B40: =SUMPRODUCT('GloVe vectores'!$B$4:$B$140,'GloVe vectores'!AJ4:AJ140)/$B$4 -> -0.37314194 | C40: =SUMPRODUCT('GloVe vectores'!$C$4:$C$140,'GloVe vectores'!AJ4:AJ140)/$B$5 -> -0.13916956 | D40: =B40*C40 -> 0.051929999 | E40: =B40^2 -> 0.13923491 | F40: =C40^2 -> 0.019368166
A41: 34 | B41: =SUMPRODUCT('GloVe vectores'!$B$4:$B$140,'GloVe vectores'!AK4:AK140)/$B$4 -> -0.02506822 | C41: =SUMPRODUCT('GloVe vectores'!$C$4:$C$140,'GloVe vectores'!AK4:AK140)/$B$5 -> -0.091060082 | D41: =B41*C41 -> 0.0022827142 | E41: =B41^2 -> 0.00062841566 | F41: =C41^2 -> 0.0082919384
A42: 35 | B42: =SUMPRODUCT('GloVe vectores'!$B$4:$B$140,'GloVe vectores'!AL4:AL140)/$B$4 -> -0.039321395 | C42: =SUMPRODUCT('GloVe vectores'!$C$4:$C$140,'GloVe vectores'!AL4:AL140)/$B$5 -> 0.034840467 | D42: =B42*C42 -> -0.0013699758 | E42: =B42^2 -> 0.0015461721 | F42: =C42^2 -> 0.0012138582
A43: 36 | B43: =SUMPRODUCT('GloVe vectores'!$B$4:$B$140,'GloVe vectores'!AM4:AM140)/$B$4 -> 0.036637949 | C43: =SUMPRODUCT('GloVe vectores'!$C$4:$C$140,'GloVe vectores'!AM4:AM140)/$B$5 -> 0.073801541 | D43: =B43*C43 -> 0.0027039371 | E43: =B43^2 -> 0.0013423393 | F43: =C43^2 -> 0.0054466675
A44: 37 | B44: =SUMPRODUCT('GloVe vectores'!$B$4:$B$140,'GloVe vectores'!AN4:AN140)/$B$4 -> -0.20688414 | C44: =SUMPRODUCT('GloVe vectores'!$C$4:$C$140,'GloVe vectores'!AN4:AN140)/$B$5 -> -0.078733533 | D44: =B44*C44 -> 0.016288719 | E44: =B44^2 -> 0.042801048 | F44: =C44^2 -> 0.0061989692
A45: 38 | B45: =SUMPRODUCT('GloVe vectores'!$B$4:$B$140,'GloVe vectores'!AO4:AO140)/$B$4 -> 0.1449113 | C45: =SUMPRODUCT('GloVe vectores'!$C$4:$C$140,'GloVe vectores'!AO4:AO140)/$B$5 -> 0.0033001348 | D45: =B45*C45 -> 0.00047822683 | E45: =B45^2 -> 0.020999286 | F45: =C45^2 -> 1.089089e-05
A46: 39 | B46: =SUMPRODUCT('GloVe vectores'!$B$4:$B$140,'GloVe vectores'!AP4:AP140)/$B$4 -> -0.37063813 | C46: =SUMPRODUCT('GloVe vectores'!$C$4:$C$140,'GloVe vectores'!AP4:AP140)/$B$5 -> -0.29227355 | D46: =B46*C46 -> 0.10832772 | E46: =B46^2 -> 0.13737262 | F46: =C46^2 -> 0.085423827
A47: 40 | B47: =SUMPRODUCT('GloVe vectores'!$B$4:$B$140,'GloVe vectores'!AQ4:AQ140)/$B$4 -> -0.089386006 | C47: =SUMPRODUCT('GloVe vectores'!$C$4:$C$140,'GloVe vectores'!AQ4:AQ140)/$B$5 -> -0.18191928 | D47: =B47*C47 -> 0.016261038 | E47: =B47^2 -> 0.0079898581 | F47: =C47^2 -> 0.033094625
A48: 41 | B48: =SUMPRODUCT('GloVe vectores'!$B$4:$B$140,'GloVe vectores'!AR4:AR140)/$B$4 -> -0.48108379 | C48: =SUMPRODUCT('GloVe vectores'!$C$4:$C$140,'GloVe vectores'!AR4:AR140)/$B$5 -> -0.29683871 | D48: =B48*C48 -> 0.14280429 | E48: =B48^2 -> 0.23144161 | F48: =C48^2 -> 0.088113222
A49: 42 | B49: =SUMPRODUCT('GloVe vectores'!$B$4:$B$140,'GloVe vectores'!AS4:AS140)/$B$4 -> -0.10333723 | C49: =SUMPRODUCT('GloVe vectores'!$C$4:$C$140,'GloVe vectores'!AS4:AS140)/$B$5 -> -0.00372935 | D49: =B49*C49 -> 0.00038538068 | E49: =B49^2 -> 0.010678582 | F49: =C49^2 -> 1.3908051e-05
A50: 43 | B50: =SUMPRODUCT('GloVe vectores'!$B$4:$B$140,'GloVe vectores'!AT4:AT140)/$B$4 -> -0.16481402 | C50: =SUMPRODUCT('GloVe vectores'!$C$4:$C$140,'GloVe vectores'!AT4:AT140)/$B$5 -> -0.069426477 | D50: =B50*C50 -> 0.011442457 | E50: =B50^2 -> 0.02716366 | F50: =C50^2 -> 0.0048200357
A51: 44 | B51: =SUMPRODUCT('GloVe vectores'!$B$4:$B$140,'GloVe vectores'!AU4:AU140)/$B$4 -> -0.062286873 | C51: =SUMPRODUCT('GloVe vectores'!$C$4:$C$140,'GloVe vectores'!AU4:AU140)/$B$5 -> 0.019489301 | D51: =B51*C51 -> -0.0012139276 | E51: =B51^2 -> 0.0038796545 | F51: =C51^2 -> 0.00037983286
A52: 45 | B52: =SUMPRODUCT('GloVe vectores'!$B$4:$B$140,'GloVe vectores'!AV4:AV140)/$B$4 -> -0.16068796 | C52: =SUMPRODUCT('GloVe vectores'!$C$4:$C$140,'GloVe vectores'!AV4:AV140)/$B$5 -> -0.24909059 | D52: =B52*C52 -> 0.040025859 | E52: =B52^2 -> 0.025820621 | F52: =C52^2 -> 0.062046121
A53: 46 | B53: =SUMPRODUCT('GloVe vectores'!$B$4:$B$140,'GloVe vectores'!AW4:AW140)/$B$4 -> -0.11377929 | C53: =SUMPRODUCT('GloVe vectores'!$C$4:$C$140,'GloVe vectores'!AW4:AW140)/$B$5 -> -0.18049044 | D53: =B53*C53 -> 0.020536074 | E53: =B53^2 -> 0.012945727 | F53: =C53^2 -> 0.0325768
A54: 47 | B54: =SUMPRODUCT('GloVe vectores'!$B$4:$B$140,'GloVe vectores'!AX4:AX140)/$B$4 -> 0.045098807 | C54: =SUMPRODUCT('GloVe vectores'!$C$4:$C$140,'GloVe vectores'!AX4:AX140)/$B$5 -> 0.16001666 | D54: =B54*C54 -> 0.0072165605 | E54: =B54^2 -> 0.0020339024 | F54: =C54^2 -> 0.025605331
A55: 48 | B55: =SUMPRODUCT('GloVe vectores'!$B$4:$B$140,'GloVe vectores'!AY4:AY140)/$B$4 -> -0.11111302 | C55: =SUMPRODUCT('GloVe vectores'!$C$4:$C$140,'GloVe vectores'!AY4:AY140)/$B$5 -> -0.012915743 | D55: =B55*C55 -> 0.0014351073 | E55: =B55^2 -> 0.012346103 | F55: =C55^2 -> 0.00016681643
A56: 49 | B56: =SUMPRODUCT('GloVe vectores'!$B$4:$B$140,'GloVe vectores'!AZ4:AZ140)/$B$4 -> -0.17873729 | C56: =SUMPRODUCT('GloVe vectores'!$C$4:$C$140,'GloVe vectores'!AZ4:AZ140)/$B$5 -> -0.24290177 | D56: =B56*C56 -> 0.043415604 | E56: =B56^2 -> 0.031947018 | F56: =C56^2 -> 0.059001271
A57: 50 | B57: =SUMPRODUCT('GloVe vectores'!$B$4:$B$140,'GloVe vectores'!BA4:BA140)/$B$4 -> -0.48761051 | C57: =SUMPRODUCT('GloVe vectores'!$C$4:$C$140,'GloVe vectores'!BA4:BA140)/$B$5 -> -0.37261308 | D57: =B57*C57 -> 0.18169006 | E57: =B57^2 -> 0.23776401 | F57: =C57^2 -> 0.13884051
A58: 51 | B58: =SUMPRODUCT('GloVe vectores'!$B$4:$B$140,'GloVe vectores'!BB4:BB140)/$B$4 -> 0.19708431 | C58: =SUMPRODUCT('GloVe vectores'!$C$4:$C$140,'GloVe vectores'!BB4:BB140)/$B$5 -> 0.1722726 | D58: =B58*C58 -> 0.033952227 | E58: =B58^2 -> 0.038842226 | F58: =C58^2 -> 0.029677848
A59: 52 | B59: =SUMPRODUCT('GloVe vectores'!$B$4:$B$140,'GloVe vectores'!BC4:BC140)/$B$4 -> -0.062221787 | C59: =SUMPRODUCT('GloVe vectores'!$C$4:$C$140,'GloVe vectores'!BC4:BC140)/$B$5 -> 0.065876854 | D59: =B59*C59 -> -0.0040989756 | E59: =B59^2 -> 0.0038715508 | F59: =C59^2 -> 0.0043397599
A60: 53 | B60: =SUMPRODUCT('GloVe vectores'!$B$4:$B$140,'GloVe vectores'!BD4:BD140)/$B$4 -> -0.10038645 | C60: =SUMPRODUCT('GloVe vectores'!$C$4:$C$140,'GloVe vectores'!BD4:BD140)/$B$5 -> -0.051454439 | D60: =B60*C60 -> 0.0051653285 | E60: =B60^2 -> 0.01007744 | F60: =C60^2 -> 0.0026475593
A61: 54 | B61: =SUMPRODUCT('GloVe vectores'!$B$4:$B$140,'GloVe vectores'!BE4:BE140)/$B$4 -> 0.67175895 | C61: =SUMPRODUCT('GloVe vectores'!$C$4:$C$140,'GloVe vectores'!BE4:BE140)/$B$5 -> 0.52463237 | D61: =B61*C61 -> 0.35242649 | E61: =B61^2 -> 0.45126009 | F61: =C61^2 -> 0.27523912
A62: 55 | B62: =SUMPRODUCT('GloVe vectores'!$B$4:$B$140,'GloVe vectores'!BF4:BF140)/$B$4 -> -0.006508107 | C62: =SUMPRODUCT('GloVe vectores'!$C$4:$C$140,'GloVe vectores'!BF4:BF140)/$B$5 -> 0.036334796 | D62: =B62*C62 -> -0.00023647074 | E62: =B62^2 -> 4.2355457e-05 | F62: =C62^2 -> 0.0013202174
A63: 56 | B63: =SUMPRODUCT('GloVe vectores'!$B$4:$B$140,'GloVe vectores'!BG4:BG140)/$B$4 -> -1.3572552 | C63: =SUMPRODUCT('GloVe vectores'!$C$4:$C$140,'GloVe vectores'!BG4:BG140)/$B$5 -> -0.9668291 | D63: =B63*C63 -> 1.3122338 | E63: =B63^2 -> 1.8421417 | F63: =C63^2 -> 0.9347585
A64: 57 | B64: =SUMPRODUCT('GloVe vectores'!$B$4:$B$140,'GloVe vectores'!BH4:BH140)/$B$4 -> 0.34614711 | C64: =SUMPRODUCT('GloVe vectores'!$C$4:$C$140,'GloVe vectores'!BH4:BH140)/$B$5 -> 0.32957866 | D64: =B64*C64 -> 0.1140827 | E64: =B64^2 -> 0.11981782 | F64: =C64^2 -> 0.10862209
A65: 58 | B65: =SUMPRODUCT('GloVe vectores'!$B$4:$B$140,'GloVe vectores'!BI4:BI140)/$B$4 -> -0.34244517 | C65: =SUMPRODUCT('GloVe vectores'!$C$4:$C$140,'GloVe vectores'!BI4:BI140)/$B$5 -> -0.27635269 | D65: =B65*C65 -> 0.094635642 | E65: =B65^2 -> 0.11726869 | F65: =C65^2 -> 0.076370807
A66: 59 | B66: =SUMPRODUCT('GloVe vectores'!$B$4:$B$140,'GloVe vectores'!BJ4:BJ140)/$B$4 -> 1.2802728 | C66: =SUMPRODUCT('GloVe vectores'!$C$4:$C$140,'GloVe vectores'!BJ4:BJ140)/$B$5 -> 0.8509513 | D66: =B66*C66 -> 1.0894498 | E66: =B66^2 -> 1.6390985 | F66: =C66^2 -> 0.72411812
A67: 60 | B67: =SUMPRODUCT('GloVe vectores'!$B$4:$B$140,'GloVe vectores'!BK4:BK140)/$B$4 -> 0.12800421 | C67: =SUMPRODUCT('GloVe vectores'!$C$4:$C$140,'GloVe vectores'!BK4:BK140)/$B$5 -> 0.1530116 | D67: =B67*C67 -> 0.019586128 | E67: =B67^2 -> 0.016385077 | F67: =C67^2 -> 0.023412549
A68: 61 | B68: =SUMPRODUCT('GloVe vectores'!$B$4:$B$140,'GloVe vectores'!BL4:BL140)/$B$4 -> -0.061902359 | C68: =SUMPRODUCT('GloVe vectores'!$C$4:$C$140,'GloVe vectores'!BL4:BL140)/$B$5 -> -0.055109857 | D68: =B68*C68 -> 0.0034114301 | E68: =B68^2 -> 0.003831902 | F68: =C68^2 -> 0.0030370963
A69: 62 | B69: =SUMPRODUCT('GloVe vectores'!$B$4:$B$140,'GloVe vectores'!BM4:BM140)/$B$4 -> 0.35363137 | C69: =SUMPRODUCT('GloVe vectores'!$C$4:$C$140,'GloVe vectores'!BM4:BM140)/$B$5 -> 0.22804858 | D69: =B69*C69 -> 0.080645133 | E69: =B69^2 -> 0.12505514 | F69: =C69^2 -> 0.052006157
A70: 63 | B70: =SUMPRODUCT('GloVe vectores'!$B$4:$B$140,'GloVe vectores'!BN4:BN140)/$B$4 -> -0.12632188 | C70: =SUMPRODUCT('GloVe vectores'!$C$4:$C$140,'GloVe vectores'!BN4:BN140)/$B$5 -> -0.21299734 | D70: =B70*C70 -> 0.026906225 | E70: =B70^2 -> 0.015957218 | F70: =C70^2 -> 0.045367866
A71: 64 | B71: =SUMPRODUCT('GloVe vectores'!$B$4:$B$140,'GloVe vectores'!BO4:BO140)/$B$4 -> -0.063141754 | C71: =SUMPRODUCT('GloVe vectores'!$C$4:$C$140,'GloVe vectores'!BO4:BO140)/$B$5 -> 0.031547859 | D71: =B71*C71 -> -0.0019919871 | E71: =B71^2 -> 0.0039868811 | F71: =C71^2 -> 0.00099526739
A72: 65 | B72: =SUMPRODUCT('GloVe vectores'!$B$4:$B$140,'GloVe vectores'!BP4:BP140)/$B$4 -> 0.53037196 | C72: =SUMPRODUCT('GloVe vectores'!$C$4:$C$140,'GloVe vectores'!BP4:BP140)/$B$5 -> 0.64152073 | D72: =B72*C72 -> 0.3402446 | E72: =B72^2 -> 0.28129441 | F72: =C72^2 -> 0.41154884
A73: 66 | B73: =SUMPRODUCT('GloVe vectores'!$B$4:$B$140,'GloVe vectores'!BQ4:BQ140)/$B$4 -> -0.0027992807 | C73: =SUMPRODUCT('GloVe vectores'!$C$4:$C$140,'GloVe vectores'!BQ4:BQ140)/$B$5 -> -0.036971599 | D73: =B73*C73 -> 0.00010349388 | E73: =B73^2 -> 7.8359724e-06 | F73: =C73^2 -> 0.0013668991
A74: 67 | B74: =SUMPRODUCT('GloVe vectores'!$B$4:$B$140,'GloVe vectores'!BR4:BR140)/$B$4 -> -0.085928094 | C74: =SUMPRODUCT('GloVe vectores'!$C$4:$C$140,'GloVe vectores'!BR4:BR140)/$B$5 -> 0.019730904 | D74: =B74*C74 -> -0.001695439 | E74: =B74^2 -> 0.0073836374 | F74: =C74^2 -> 0.00038930859
A75: 68 | B75: =SUMPRODUCT('GloVe vectores'!$B$4:$B$140,'GloVe vectores'!BS4:BS140)/$B$4 -> 0.11035607 | C75: =SUMPRODUCT('GloVe vectores'!$C$4:$C$140,'GloVe vectores'!BS4:BS140)/$B$5 -> -0.0056953076 | D75: =B75*C75 -> -0.00062851175 | E75: =B75^2 -> 0.012178461 | F75: =C75^2 -> 3.2436529e-05
A76: 69 | B76: =SUMPRODUCT('GloVe vectores'!$B$4:$B$140,'GloVe vectores'!BT4:BT140)/$B$4 -> 0.43925221 | C76: =SUMPRODUCT('GloVe vectores'!$C$4:$C$140,'GloVe vectores'!BT4:BT140)/$B$5 -> 0.31568913 | D76: =B76*C76 -> 0.13866715 | E76: =B76^2 -> 0.1929425 | F76: =C76^2 -> 0.099659629
A77: 70 | B77: =SUMPRODUCT('GloVe vectores'!$B$4:$B$140,'GloVe vectores'!BU4:BU140)/$B$4 -> 0.048972737 | C77: =SUMPRODUCT('GloVe vectores'!$C$4:$C$140,'GloVe vectores'!BU4:BU140)/$B$5 -> -0.07337015 | D77: =B77*C77 -> -0.003593137 | E77: =B77^2 -> 0.002398329 | F77: =C77^2 -> 0.0053831789
A78: 71 | B78: =SUMPRODUCT('GloVe vectores'!$B$4:$B$140,'GloVe vectores'!BV4:BV140)/$B$4 -> 0.18422341 | C78: =SUMPRODUCT('GloVe vectores'!$C$4:$C$140,'GloVe vectores'!BV4:BV140)/$B$5 -> 0.10348185 | D78: =B78*C78 -> 0.01906378 | E78: =B78^2 -> 0.033938266 | F78: =C78^2 -> 0.010708494
A79: 72 | B79: =SUMPRODUCT('GloVe vectores'!$B$4:$B$140,'GloVe vectores'!BW4:BW140)/$B$4 -> 0.14582095 | C79: =SUMPRODUCT('GloVe vectores'!$C$4:$C$140,'GloVe vectores'!BW4:BW140)/$B$5 -> 0.016414336 | D79: =B79*C79 -> 0.0023935541 | E79: =B79^2 -> 0.02126375 | F79: =C79^2 -> 0.00026943042
A80: 73 | B80: =SUMPRODUCT('GloVe vectores'!$B$4:$B$140,'GloVe vectores'!BX4:BX140)/$B$4 -> 0.15392677 | C80: =SUMPRODUCT('GloVe vectores'!$C$4:$C$140,'GloVe vectores'!BX4:BX140)/$B$5 -> 0.034997722 | D80: =B80*C80 -> 0.0053870862 | E80: =B80^2 -> 0.02369345 | F80: =C80^2 -> 0.0012248405
A81: 74 | B81: =SUMPRODUCT('GloVe vectores'!$B$4:$B$140,'GloVe vectores'!BY4:BY140)/$B$4 -> -0.18833259 | C81: =SUMPRODUCT('GloVe vectores'!$C$4:$C$140,'GloVe vectores'!BY4:BY140)/$B$5 -> -0.14901207 | D81: =B81*C81 -> 0.028063828 | E81: =B81^2 -> 0.035469164 | F81: =C81^2 -> 0.022204596
A82: 75 | B82: =SUMPRODUCT('GloVe vectores'!$B$4:$B$140,'GloVe vectores'!BZ4:BZ140)/$B$4 -> -0.11094631 | C82: =SUMPRODUCT('GloVe vectores'!$C$4:$C$140,'GloVe vectores'!BZ4:BZ140)/$B$5 -> -0.032220666 | D82: =B82*C82 -> 0.003574764 | E82: =B82^2 -> 0.012309083 | F82: =C82^2 -> 0.0010381713
A83: 76 | B83: =SUMPRODUCT('GloVe vectores'!$B$4:$B$140,'GloVe vectores'!CA4:CA140)/$B$4 -> 0.01857157 | C83: =SUMPRODUCT('GloVe vectores'!$C$4:$C$140,'GloVe vectores'!CA4:CA140)/$B$5 -> 0.02713449 | D83: =B83*C83 -> 0.00050393009 | E83: =B83^2 -> 0.00034490322 | F83: =C83^2 -> 0.00073628056
A84: 77 | B84: =SUMPRODUCT('GloVe vectores'!$B$4:$B$140,'GloVe vectores'!CB4:CB140)/$B$4 -> -0.10854147 | C84: =SUMPRODUCT('GloVe vectores'!$C$4:$C$140,'GloVe vectores'!CB4:CB140)/$B$5 -> 0.0018491533 | D84: =B84*C84 -> -0.00020070982 | E84: =B84^2 -> 0.011781251 | F84: =C84^2 -> 3.4193678e-06
A85: 78 | B85: =SUMPRODUCT('GloVe vectores'!$B$4:$B$140,'GloVe vectores'!CC4:CC140)/$B$4 -> 0.083304584 | C85: =SUMPRODUCT('GloVe vectores'!$C$4:$C$140,'GloVe vectores'!CC4:CC140)/$B$5 -> 0.11001761 | D85: =B85*C85 -> 0.0091649713 | E85: =B85^2 -> 0.0069396538 | F85: =C85^2 -> 0.012103875
A86: 79 | B86: =SUMPRODUCT('GloVe vectores'!$B$4:$B$140,'GloVe vectores'!CD4:CD140)/$B$4 -> -0.63132502 | C86: =SUMPRODUCT('GloVe vectores'!$C$4:$C$140,'GloVe vectores'!CD4:CD140)/$B$5 -> -0.54225294 | D86: =B86*C86 -> 0.34233784 | E86: =B86^2 -> 0.39857128 | F86: =C86^2 -> 0.29403825
A87: 80 | B87: =SUMPRODUCT('GloVe vectores'!$B$4:$B$140,'GloVe vectores'!CE4:CE140)/$B$4 -> -0.38857477 | C87: =SUMPRODUCT('GloVe vectores'!$C$4:$C$140,'GloVe vectores'!CE4:CE140)/$B$5 -> -0.1793431 | D87: =B87*C87 -> 0.069688203 | E87: =B87^2 -> 0.15099035 | F87: =C87^2 -> 0.032163947
A88: 81 | B88: =SUMPRODUCT('GloVe vectores'!$B$4:$B$140,'GloVe vectores'!CF4:CF140)/$B$4 -> 0.29370412 | C88: =SUMPRODUCT('GloVe vectores'!$C$4:$C$140,'GloVe vectores'!CF4:CF140)/$B$5 -> 0.2700824 | D88: =B88*C88 -> 0.079324315 | E88: =B88^2 -> 0.086262112 | F88: =C88^2 -> 0.072944504
A89: 82 | B89: =SUMPRODUCT('GloVe vectores'!$B$4:$B$140,'GloVe vectores'!CG4:CG140)/$B$4 -> 0.18762581 | C89: =SUMPRODUCT('GloVe vectores'!$C$4:$C$140,'GloVe vectores'!CG4:CG140)/$B$5 -> 0.067660237 | D89: =B89*C89 -> 0.012694807 | E89: =B89^2 -> 0.035203443 | F89: =C89^2 -> 0.0045779077
A90: 83 | B90: =SUMPRODUCT('GloVe vectores'!$B$4:$B$140,'GloVe vectores'!CH4:CH140)/$B$4 -> -0.28338722 | C90: =SUMPRODUCT('GloVe vectores'!$C$4:$C$140,'GloVe vectores'!CH4:CH140)/$B$5 -> -0.20572434 | D90: =B90*C90 -> 0.058299649 | E90: =B90^2 -> 0.080308316 | F90: =C90^2 -> 0.042322504
A91: 84 | B91: =SUMPRODUCT('GloVe vectores'!$B$4:$B$140,'GloVe vectores'!CI4:CI140)/$B$4 -> -0.10992761 | C91: =SUMPRODUCT('GloVe vectores'!$C$4:$C$140,'GloVe vectores'!CI4:CI140)/$B$5 -> -0.010704932 | D91: =B91*C91 -> 0.0011767676 | E91: =B91^2 -> 0.012084079 | F91: =C91^2 -> 0.00011459556
A92: 85 | B92: =SUMPRODUCT('GloVe vectores'!$B$4:$B$140,'GloVe vectores'!CJ4:CJ140)/$B$4 -> -1.2482413 | C92: =SUMPRODUCT('GloVe vectores'!$C$4:$C$140,'GloVe vectores'!CJ4:CJ140)/$B$5 -> -1.0636333 | D92: =B92*C92 -> 1.3276709 | E92: =B92^2 -> 1.5581063 | F92: =C92^2 -> 1.1313157
A93: 86 | B93: =SUMPRODUCT('GloVe vectores'!$B$4:$B$140,'GloVe vectores'!CK4:CK140)/$B$4 -> 0.13354561 | C93: =SUMPRODUCT('GloVe vectores'!$C$4:$C$140,'GloVe vectores'!CK4:CK140)/$B$5 -> 0.12802268 | D93: =B93*C93 -> 0.017096868 | E93: =B93^2 -> 0.017834431 | F93: =C93^2 -> 0.016389808
A94: 87 | B94: =SUMPRODUCT('GloVe vectores'!$B$4:$B$140,'GloVe vectores'!CL4:CL140)/$B$4 -> 0.15468277 | C94: =SUMPRODUCT('GloVe vectores'!$C$4:$C$140,'GloVe vectores'!CL4:CL140)/$B$5 -> 0.084663239 | D94: =B94*C94 -> 0.013095945 | E94: =B94^2 -> 0.02392676 | F94: =C94^2 -> 0.0071678641
A95: 88 | B95: =SUMPRODUCT('GloVe vectores'!$B$4:$B$140,'GloVe vectores'!CM4:CM140)/$B$4 -> -0.19588438 | C95: =SUMPRODUCT('GloVe vectores'!$C$4:$C$140,'GloVe vectores'!CM4:CM140)/$B$5 -> -0.066066601 | D95: =B95*C95 -> 0.012941415 | E95: =B95^2 -> 0.038370691 | F95: =C95^2 -> 0.0043647958
A96: 89 | B96: =SUMPRODUCT('GloVe vectores'!$B$4:$B$140,'GloVe vectores'!CN4:CN140)/$B$4 -> -0.21300572 | C96: =SUMPRODUCT('GloVe vectores'!$C$4:$C$140,'GloVe vectores'!CN4:CN140)/$B$5 -> -0.18512399 | D96: =B96*C96 -> 0.039432468 | E96: =B96^2 -> 0.045371435 | F96: =C96^2 -> 0.034270891
A97: 90 | B97: =SUMPRODUCT('GloVe vectores'!$B$4:$B$140,'GloVe vectores'!CO4:CO140)/$B$4 -> -0.24203632 | C97: =SUMPRODUCT('GloVe vectores'!$C$4:$C$140,'GloVe vectores'!CO4:CO140)/$B$5 -> -0.25186816 | D97: =B97*C97 -> 0.060961244 | E97: =B97^2 -> 0.058581582 | F97: =C97^2 -> 0.063437572
A98: 91 | B98: =SUMPRODUCT('GloVe vectores'!$B$4:$B$140,'GloVe vectores'!CP4:CP140)/$B$4 -> -0.084192257 | C98: =SUMPRODUCT('GloVe vectores'!$C$4:$C$140,'GloVe vectores'!CP4:CP140)/$B$5 -> -0.085173342 | D98: =B98*C98 -> 0.0071709359 | E98: =B98^2 -> 0.0070883361 | F98: =C98^2 -> 0.0072544983
A99: 92 | B99: =SUMPRODUCT('GloVe vectores'!$B$4:$B$140,'GloVe vectores'!CQ4:CQ140)/$B$4 -> -0.1436861 | C99: =SUMPRODUCT('GloVe vectores'!$C$4:$C$140,'GloVe vectores'!CQ4:CQ140)/$B$5 -> -0.008039125 | D99: =B99*C99 -> 0.0011551105 | E99: =B99^2 -> 0.020645696 | F99: =C99^2 -> 6.4627531e-05
A100: 93 | B100: =SUMPRODUCT('GloVe vectores'!$B$4:$B$140,'GloVe vectores'!CR4:CR140)/$B$4 -> -0.05878914 | C100: =SUMPRODUCT('GloVe vectores'!$C$4:$C$140,'GloVe vectores'!CR4:CR140)/$B$5 -> -0.086995277 | D100: =B100*C100 -> 0.0051143776 | E100: =B100^2 -> 0.003456163 | F100: =C100^2 -> 0.0075681783
...

Sheet 1.6 Sentence-BERT
A1: Sentence-BERT all-MiniLM-L6-v2: coseno entre los vectores de los abstracts 11 y 16
A2: Los vectores (384 dimensiones, normalizados) salen de embeddings/generar_embeddings_sbert.py. Java solo calcula cos = Σ a_k b_k / (|a| |b|) y la distancia euclidiana = raíz(2 − 2 cos).
J3: Programa Java
H4: A·B | I4: =SUM(D8:D391) -> 0.73549032 | J4: 0.7355
H5: |A| | I5: =SQRT(SUM(E8:E391)) -> 1
H6: |B| | I6: =SQRT(SUM(F8:F391)) -> 1
A7: k | B7: a_k (art. 11) | C7: b_k (art. 16) | D7: a_k · b_k | E7: a_k² | F7: b_k² | H7: cos θ | I7: =I4/(I5*I6) -> 0.73549032 | J7: 0.7355
A8: 1 | B8: -0.07128632 | C8: -0.09853928 | D8: =B8*C8 -> 0.0070245026 | E8: =B8^2 -> 0.0050817394 | F8: =C8^2 -> 0.0097099897 | H8: θ (grados) | I8: =DEGREES(ACOS(I7)) -> 42.651336 | J8: 42.65
A9: 2 | B9: 0.01669559 | C9: -0.00408267 | D9: =B9*C9 -> -6.8162584e-05 | E9: =B9^2 -> 0.00027874273 | F9: =C9^2 -> 1.6668194e-05 | H9: Euclidiana = raíz(2 − 2 cos) | I9: =SQRT(2-2*I7) -> 0.72733717 | J9: 0.7273
A10: 3 | B10: 0.00466786 | C10: 0.05794586 | D10: =B10*C10 -> 0.00027048316 | E10: =B10^2 -> 2.1788917e-05 | F10: =C10^2 -> 0.0033577227 | H10: Suma de los 5 primeros productos | I10: =SUM(D8:D12) -> 0.0068686453 | J10: 0.006869
A11: 4 | B11: 0.01001874 | C11: -0.02240014 | D11: =B11*C11 -> -0.00022442118 | E11: =B11^2 -> 0.00010037515 | F11: =C11^2 -> 0.00050176627
A12: 5 | B12: -0.03830573 | C12: 0.00349182 | D12: =B12*C12 -> -0.00013375671 | E12: =B12^2 -> 0.001467329 | F12: =C12^2 -> 1.2192807e-05
A13: 6 | B13: -0.00946811 | C13: -0.01151092 | D13: =B13*C13 -> 0.00010898666 | E13: =B13^2 -> 8.9645107e-05 | F13: =C13^2 -> 0.00013250128
A14: 7 | B14: -0.04549144 | C14: -0.02349803 | D14: =B14*C14 -> 0.0010689592 | E14: =B14^2 -> 0.0020694711 | F14: =C14^2 -> 0.00055215741
A15: 8 | B15: -0.00086507 | C15: -0.03671941 | D15: =B15*C15 -> 3.176486e-05 | E15: =B15^2 -> 7.483461e-07 | F15: =C15^2 -> 0.0013483151
A16: 9 | B16: -0.00910399 | C16: 0.03153066 | D16: =B16*C16 -> -0.00028705481 | E16: =B16^2 -> 8.2882634e-05 | F16: =C16^2 -> 0.00099418252
A17: 10 | B17: 0.08905378 | C17: 0.06102073 | D17: =B17*C17 -> 0.0054341267 | E17: =B17^2 -> 0.0079305757 | F17: =C17^2 -> 0.0037235295
A18: 11 | B18: -0.02157652 | C18: -0.03630999 | D18: =B18*C18 -> 0.00078344323 | E18: =B18^2 -> 0.00046554622 | F18: =C18^2 -> 0.0013184154
A19: 12 | B19: -0.01960386 | C19: -0.02865688 | D19: =B19*C19 -> 0.00056178546 | E19: =B19^2 -> 0.00038431133 | F19: =C19^2 -> 0.00082121677
A20: 13 | B20: 0.00043594 | C20: -0.00796438 | D20: =B20*C20 -> -3.4719918e-06 | E20: =B20^2 -> 1.9004368e-07 | F20: =C20^2 -> 6.3431349e-05
A21: 14 | B21: 0.03861721 | C21: -0.02074702 | D21: =B21*C21 -> -0.00080119203 | E21: =B21^2 -> 0.0014912889 | F21: =C21^2 -> 0.00043043884
A22: 15 | B22: -0.0398042 | C22: -0.02662814 | D22: =B22*C22 -> 0.0010599118 | E22: =B22^2 -> 0.0015843743 | F22: =C22^2 -> 0.00070905784
... A391: 384 | B391: -0.00286426 | C391: -0.02728487 | D391: =B391*C391 -> 7.8150962e-05 | E391: =B391^2 -> 8.2039853e-06 | F391: =C391^2 -> 0.00074446413

Sheet 1.7 Resumen Req 1
A1: Requerimiento 1: los seis valores de similitud del caso 11 vs 16
A2: Cada valor se trae de su hoja; la diferencia con el programa debe ser menor que 0,0001 (redondeo).
A4: Algoritmo | B4: Tipo | C4: Excel | D4: Programa Java | E4: Diferencia
A5: Levenshtein | B5: Clásico (programación dinámica) | C5: ='1.1 Levenshtein'!D18 -> 0.052631579 | D5: 0.0526 | E5: =ROUND(C5,4)-D5 -> 0
A6: Needleman-Wunsch | B6: Clásico (programación dinámica) | C6: =8/116 -> 0.068965517 | D6: 0.069 | E6: =ROUND(C6,4)-D6 -> 0
A7: Coseno TF-IDF | B7: Clásico (espacio vectorial) | C7: ='1.3 TF-IDF coseno'!P7 -> 0.10012917 | D7: 0.1001 | E7: =ROUND(C7,4)-D7 -> 0
A8: Jaccard | B8: Clásico (conjuntos) | C8: ='1.4 Jaccard'!G8 -> 0.086956522 | D8: 0.087 | E8: =ROUND(C8,4)-D8 -> 0
A9: GloVe promedio | B9: IA (embeddings de palabra) | C9: ='1.5 GloVe'!I7 -> 0.9344592 | D9: 0.9345 | E9: =ROUND(C9,4)-D9 -> 0
A10: Sentence-BERT | B10: IA (embeddings de oración) | C10: ='1.6 Sentence-BERT'!I7 -> 0.73549032 | D10: 0.7355 | E10: =ROUND(C10,4)-D10 -> 0

Sheet 2.1 Distancias TF-IDF
A1: Matriz de distancias d(i, j) = 1 − cos(TF-IDF) entre los 20 abstracts
A2: Sale de Experimentos.matrizDistancias (línea 52). La distancia menor de toda la matriz (sin la diagonal) es la primera fusión.
B4: 1 | C4: 2 | D4: 3 | E4: 4 | F4: 5 | G4: 6 | H4: 7 | I4: 8 | J4: 9 | K4: 10 | L4: 11 | M4: 12 | N4: 13 | O4: 14 | P4: 15 | Q4: 16 | R4: 17 | S4: 18 | T4: 19 | U4: 20
A5: 1 | B5: 0 | C5: 0.956442 | D5: 0.976135 | E5: 0.984207 | F5: 0.974116 | G5: 0.974083 | H5: 0.989653 | I5: 0.967967 | J5: 0.960251 | K5: 0.980093 | L5: 0.916241 | M5: 0.962494 | N5: 0.954613 | O5: 0.971148 | P5: 0.959724 | Q5: 0.99899 | R5: 0.984631 | S5: 0.991236 | T5: 0.982973 | U5: 0.959882
A6: 2 | B6: 0.956442 | C6: 0 | D6: 0.95801 | E6: 0.960479 | F6: 0.859601 | G6: 0.80164 | H6: 0.924366 | I6: 0.935197 | J6: 0.844199 | K6: 0.926497 | L6: 0.913968 | M6: 0.915977 | N6: 0.955489 | O6: 0.968296 | P6: 0.95175 | Q6: 0.975431 | R6: 0.949818 | S6: 0.929495 | T6: 0.919964 | U6: 0.864637
A7: 3 | B7: 0.976135 | C7: 0.95801 | D7: 0 | E7: 0.987008 | F7: 0.956094 | G7: 0.965959 | H7: 0.972915 | I7: 0.957255 | J7: 0.979154 | K7: 0.968913 | L7: 0.961826 | M7: 0.95158 | N7: 0.966322 | O7: 0.976528 | P7: 0.944692 | Q7: 0.994983 | R7: 0.959847 | S7: 0.986282 | T7: 0.9815 | U7: 0.980861
A8: 4 | B8: 0.984207 | C8: 0.960479 | D8: 0.987008 | E8: 0 | F8: 0.987689 | G8: 0.982537 | H8: 0.984455 | I8: 0.962478 | J8: 0.981291 | K8: 0.94305 | L8: 0.974766 | M8: 0.973024 | N8: 0.985301 | O8: 0.993734 | P8: 0.981209 | Q8: 0.994413 | R8: 0.984967 | S8: 0.985267 | T8: 0.980311 | U8: 0.974132
A9: 5 | B9: 0.974116 | C9: 0.859601 | D9: 0.956094 | E9: 0.987689 | F9: 0 | G9: 0.865186 | H9: 0.939444 | I9: 0.910791 | J9: 0.901948 | K9: 0.919731 | L9: 0.949625 | M9: 0.959011 | N9: 0.976227 | O9: 0.980708 | P9: 0.97909 | Q9: 0.958991 | R9: 0.910172 | S9: 0.965831 | T9: 0.979608 | U9: 0.916861
A10: 6 | B10: 0.974083 | C10: 0.80164 | D10: 0.965959 | E10: 0.982537 | F10: 0.865186 | G10: 0 | H10: 0.935128 | I10: 0.973389 | J10: 0.840219 | K10: 0.974898 | L10: 0.9644 | M10: 0.9366 | N10: 0.968251 | O10: 0.950268 | P10: 0.976856 | Q10: 0.958937 | R10: 0.976993 | S10: 0.966333 | T10: 0.969047 | U10: 0.903666
A11: 7 | B11: 0.989653 | C11: 0.924366 | D11: 0.972915 | E11: 0.984455 | F11: 0.939444 | G11: 0.935128 | H11: 0 | I11: 0.987262 | J11: 0.939544 | K11: 0.985353 | L11: 0.961622 | M11: 0.962193 | N11: 0.967625 | O11: 0.98867 | P11: 0.956084 | Q11: 0.983428 | R11: 0.9845 | S11: 0.973429 | T11: 0.973893 | U11: 0.946879
A12: 8 | B12: 0.967967 | C12: 0.935197 | D12: 0.957255 | E12: 0.962478 | F12: 0.910791 | G12: 0.973389 | H12: 0.987262 | I12: 0 | J12: 0.964441 | K12: 0.863297 | L12: 0.930518 | M12: 0.953147 | N12: 0.95686 | O12: 0.978259 | P12: 0.934739 | Q12: 0.991175 | R12: 0.946084 | S12: 0.980018 | T12: 0.980653 | U12: 0.953009
A13: 9 | B13: 0.960251 | C13: 0.844199 | D13: 0.979154 | E13: 0.981291 | F13: 0.901948 | G13: 0.840219 | H13: 0.939544 | I13: 0.964441 | J13: 0 | K13: 0.965971 | L13: 0.948686 | M13: 0.923627 | N13: 0.98613 | O13: 0.96128 | P13: 0.953323 | Q13: 0.95691 | R13: 0.963658 | S13: 0.941142 | T13: 0.987172 | U13: 0.888898
A14: 10 | B14: 0.980093 | C14: 0.926497 | D14: 0.968913 | E14: 0.94305 | F14: 0.919731 | G14: 0.974898 | H14: 0.985353 | I14: 0.863297 | J14: 0.965971 | K14: 0 | L14: 0.950325 | M14: 0.977615 | N14: 0.978101 | O14: 0.982756 | P14: 0.956917 | Q14: 0.980368 | R14: 0.93461 | S14: 0.984604 | T14: 0.964416 | U14: 0.963066
A15: 11 | B15: 0.916241 | C15: 0.913968 | D15: 0.961826 | E15: 0.974766 | F15: 0.949625 | G15: 0.9644 | H15: 0.961622 | I15: 0.930518 | J15: 0.948686 | K15: 0.950325 | L15: 0 | M15: 0.923476 | N15: 0.938388 | O15: 0.935884 | P15: 0.941023 | Q15: 0.899871 | R15: 0.909305 | S15: 0.970163 | T15: 0.958074 | U15: 0.909378
A16: 12 | B16: 0.962494 | C16: 0.915977 | D16: 0.95158 | E16: 0.973024 | F16: 0.959011 | G16: 0.9366 | H16: 0.962193 | I16: 0.953147 | J16: 0.923627 | K16: 0.977615 | L16: 0.923476 | M16: 0 | N16: 0.967312 | O16: 0.98225 | P16: 0.935306 | Q16: 0.986582 | R16: 0.977079 | S16: 0.966665 | T16: 0.964571 | U16: 0.858078
... A24: 20 | B24: 0.959882 | C24: 0.864637 | D24: 0.980861 | E24: 0.974132 | F24: 0.916861 | G24: 0.903666 | H24: 0.946879 | I24: 0.953009 | J24: 0.888898 | K24: 0.963066 | L24: 0.909378 | M24: 0.858078 | N24: 0.933187 | O24: 0.962664 | P24: 0.924812 | Q24: 0.977251 | R24: 0.903745 | S24: 0.963677 | T24: 0.97748 | U24: 0
A27: Mínimo fuera de la diagonal | D27: =SMALL(B5:U24,21) -> 0.80164
A28: Programa: paso 1 une {2} y {6} a 0,8016

Sheet 2.2 Lance-Williams
A1: Pasos 1 y 2 del agrupamiento con TF-IDF
A2: Paso 1: se une el par más cercano, G20 = {2, 6}. Paso 2: distancia de cada abstract k a G20 con cada criterio. single = min, complete = max, average = (|A| d(A,k) + |B| d(B,k)) / (|A| + |B|). Código: AgrupamientoJerarquico.java 80-88.
A4: d(2, 6) | B4: ='2.1 Distancias TF-IDF'!G6 -> 0.80164
A5: |{2}| = |{6}| | B5: 1
A7: k | B7: d(2, k) | C7: d(6, k) | D7: single | E7: complete | F7: average
A8: 1 | B8: ='2.1 Distancias TF-IDF'!B6 -> 0.956442 | C8: ='2.1 Distancias TF-IDF'!B10 -> 0.974083 | D8: =MIN(B8,C8) -> 0.956442 | E8: =MAX(B8,C8) -> 0.974083 | F8: =($B$5*B8+$B$5*C8)/($B$5+$B$5) -> 0.9652625
A9: 3 | B9: ='2.1 Distancias TF-IDF'!D6 -> 0.95801 | C9: ='2.1 Distancias TF-IDF'!D10 -> 0.965959 | D9: =MIN(B9,C9) -> 0.95801 | E9: =MAX(B9,C9) -> 0.965959 | F9: =($B$5*B9+$B$5*C9)/($B$5+$B$5) -> 0.9619845
A10: 4 | B10: ='2.1 Distancias TF-IDF'!E6 -> 0.960479 | C10: ='2.1 Distancias TF-IDF'!E10 -> 0.982537 | D10: =MIN(B10,C10) -> 0.960479 | E10: =MAX(B10,C10) -> 0.982537 | F10: =($B$5*B10+$B$5*C10)/($B$5+$B$5) -> 0.971508
A11: 5 | B11: ='2.1 Distancias TF-IDF'!F6 -> 0.859601 | C11: ='2.1 Distancias TF-IDF'!F10 -> 0.865186 | D11: =MIN(B11,C11) -> 0.859601 | E11: =MAX(B11,C11) -> 0.865186 | F11: =($B$5*B11+$B$5*C11)/($B$5+$B$5) -> 0.8623935
A12: 7 | B12: ='2.1 Distancias TF-IDF'!H6 -> 0.924366 | C12: ='2.1 Distancias TF-IDF'!H10 -> 0.935128 | D12: =MIN(B12,C12) -> 0.924366 | E12: =MAX(B12,C12) -> 0.935128 | F12: =($B$5*B12+$B$5*C12)/($B$5+$B$5) -> 0.929747
A13: 8 | B13: ='2.1 Distancias TF-IDF'!I6 -> 0.935197 | C13: ='2.1 Distancias TF-IDF'!I10 -> 0.973389 | D13: =MIN(B13,C13) -> 0.935197 | E13: =MAX(B13,C13) -> 0.973389 | F13: =($B$5*B13+$B$5*C13)/($B$5+$B$5) -> 0.954293
A14: 9 | B14: ='2.1 Distancias TF-IDF'!J6 -> 0.844199 | C14: ='2.1 Distancias TF-IDF'!J10 -> 0.840219 | D14: =MIN(B14,C14) -> 0.840219 | E14: =MAX(B14,C14) -> 0.844199 | F14: =($B$5*B14+$B$5*C14)/($B$5+$B$5) -> 0.842209
A15: 10 | B15: ='2.1 Distancias TF-IDF'!K6 -> 0.926497 | C15: ='2.1 Distancias TF-IDF'!K10 -> 0.974898 | D15: =MIN(B15,C15) -> 0.926497 | E15: =MAX(B15,C15) -> 0.974898 | F15: =($B$5*B15+$B$5*C15)/($B$5+$B$5) -> 0.9506975
A16: 11 | B16: ='2.1 Distancias TF-IDF'!L6 -> 0.913968 | C16: ='2.1 Distancias TF-IDF'!L10 -> 0.9644 | D16: =MIN(B16,C16) -> 0.913968 | E16: =MAX(B16,C16) -> 0.9644 | F16: =($B$5*B16+$B$5*C16)/($B$5+$B$5) -> 0.939184
A17: 12 | B17: ='2.1 Distancias TF-IDF'!M6 -> 0.915977 | C17: ='2.1 Distancias TF-IDF'!M10 -> 0.9366 | D17: =MIN(B17,C17) -> 0.915977 | E17: =MAX(B17,C17) -> 0.9366 | F17: =($B$5*B17+$B$5*C17)/($B$5+$B$5) -> 0.9262885
A18: 13 | B18: ='2.1 Distancias TF-IDF'!N6 -> 0.955489 | C18: ='2.1 Distancias TF-IDF'!N10 -> 0.968251 | D18: =MIN(B18,C18) -> 0.955489 | E18: =MAX(B18,C18) -> 0.968251 | F18: =($B$5*B18+$B$5*C18)/($B$5+$B$5) -> 0.96187
A19: 14 | B19: ='2.1 Distancias TF-IDF'!O6 -> 0.968296 | C19: ='2.1 Distancias TF-IDF'!O10 -> 0.950268 | D19: =MIN(B19,C19) -> 0.950268 | E19: =MAX(B19,C19) -> 0.968296 | F19: =($B$5*B19+$B$5*C19)/($B$5+$B$5) -> 0.959282
A20: 15 | B20: ='2.1 Distancias TF-IDF'!P6 -> 0.95175 | C20: ='2.1 Distancias TF-IDF'!P10 -> 0.976856 | D20: =MIN(B20,C20) -> 0.95175 | E20: =MAX(B20,C20) -> 0.976856 | F20: =($B$5*B20+$B$5*C20)/($B$5+$B$5) -> 0.964303
A21: 16 | B21: ='2.1 Distancias TF-IDF'!Q6 -> 0.975431 | C21: ='2.1 Distancias TF-IDF'!Q10 -> 0.958937 | D21: =MIN(B21,C21) -> 0.958937 | E21: =MAX(B21,C21) -> 0.975431 | F21: =($B$5*B21+$B$5*C21)/($B$5+$B$5) -> 0.967184
A22: 17 | B22: ='2.1 Distancias TF-IDF'!R6 -> 0.949818 | C22: ='2.1 Distancias TF-IDF'!R10 -> 0.976993 | D22: =MIN(B22,C22) -> 0.949818 | E22: =MAX(B22,C22) -> 0.976993 | F22: =($B$5*B22+$B$5*C22)/($B$5+$B$5) -> 0.9634055
A23: 18 | B23: ='2.1 Distancias TF-IDF'!S6 -> 0.929495 | C23: ='2.1 Distancias TF-IDF'!S10 -> 0.966333 | D23: =MIN(B23,C23) -> 0.929495 | E23: =MAX(B23,C23) -> 0.966333 | F23: =($B$5*B23+$B$5*C23)/($B$5+$B$5) -> 0.947914
A24: 19 | B24: ='2.1 Distancias TF-IDF'!T6 -> 0.919964 | C24: ='2.1 Distancias TF-IDF'!T10 -> 0.969047 | D24: =MIN(B24,C24) -> 0.919964 | E24: =MAX(B24,C24) -> 0.969047 | F24: =($B$5*B24+$B$5*C24)/($B$5+$B$5) -> 0.9445055
A25: 20 | B25: ='2.1 Distancias TF-IDF'!U6 -> 0.864637 | C25: ='2.1 Distancias TF-IDF'!U10 -> 0.903666 | D25: =MIN(B25,C25) -> 0.864637 | E25: =MAX(B25,C25) -> 0.903666 | F25: =($B$5*B25+$B$5*C25)/($B$5+$B$5) -> 0.8841515
A27: Mínimo de la columna | D27: =MIN(D8:D25) -> 0.840219 | E27: =MIN(E8:E25) -> 0.844199 | F27: =MIN(F8:F25) -> 0.842209
A28: k que lo alcanza | D28: =INDEX($A$8:$A$25,MATCH(D27,D8:D25,0)) -> 9 | E28: =INDEX($A$8:$A$25,MATCH(E27,E8:E25,0)) -> 9 | F28: =INDEX($A$8:$A$25,MATCH(F27,F8:F25,0)) -> 9
A30: Programa Java: en el paso 2 se une {9} a G20 a 0,8402 (single), 0,8442 (complete) y 0,8422 (average). Hay que comparar también con los demás pares de la matriz; el siguiente par, d(12, 20) = 0,8581, es mayor, así que el paso 2 es la unión de 9 con G20 en los tres criterios.

Sheet 2.3 Fusiones
A1: Las 19 fusiones de cada criterio y representación
A2: Grupo = número del abstract (1-20) o G20…G38 para los grupos formados. Altura = distancia de la fusión, que es la posición del corchete en el dendrograma.
A4: TF-IDF · single | G4: TF-IDF · complete | M4: TF-IDF · average | S4: GloVe · single | Y4: GloVe · complete | AE4: GloVe · average | AK4: SBERT · single | AQ4: SBERT · complete | AW4: SBERT · average
A5: Paso | B5: Izquierdo | C5: Derecho | D5: Altura | E5: Tamaño | G5: Paso | H5: Izquierdo | I5: Derecho | J5: Altura | K5: Tamaño | M5: Paso | N5: Izquierdo | O5: Derecho | P5: Altura | Q5: Tamaño | S5: Paso | T5: Izquierdo | U5: Derecho | V5: Altura | W5: Tamaño | Y5: Paso | Z5: Izquierdo | AA5: Derecho | AB5: Altura | AC5: Tamaño | AE5: Paso | AF5: Izquierdo | AG5: Derecho | AH5: Altura | AI5: Tamaño | AK5: Paso | AL5: Izquierdo | AM5: Derecho | AN5: Altura | AO5: Tamaño | AQ5: Paso | AR5: Izquierdo | AS5: Derecho | AT5: Altura | AU5: Tamaño | AW5: Paso | AX5: Izquierdo | AY5: Derecho | AZ5: Altura | BA5: Tamaño
A6: 1 | B6: 2 | C6: 6 | D6: 0.80164048 | E6: 2 | G6: 1 | H6: 2 | I6: 6 | J6: 0.80164048 | K6: 2 | M6: 1 | N6: 2 | O6: 6 | P6: 0.80164048 | Q6: 2 | S6: 1 | T6: 17 | U6: 20 | V6: 0.014761207 | W6: 2 | Y6: 1 | Z6: 17 | AA6: 20 | AB6: 0.014761207 | AC6: 2 | AE6: 1 | AF6: 17 | AG6: 20 | AH6: 0.014761207 | AI6: 2 | AK6: 1 | AL6: 6 | AM6: 9 | AN6: 0.19016281 | AO6: 2 | AQ6: 1 | AR6: 6 | AS6: 9 | AT6: 0.19016281 | AU6: 2 | AW6: 1 | AX6: 6 | AY6: 9 | AZ6: 0.19016281 | BA6: 2
A7: 2 | B7: 9 | C7: G20 | D7: 0.84021915 | E7: 3 | G7: 2 | H7: 9 | I7: G20 | J7: 0.84419921 | K7: 3 | M7: 2 | N7: 9 | O7: G20 | P7: 0.84220918 | Q7: 3 | S7: 2 | T7: 15 | U7: G20 | V7: 0.016073242 | W7: 3 | Y7: 2 | Z7: 1 | AA7: 3 | AB7: 0.018238621 | AC7: 2 | AE7: 2 | AF7: 1 | AG7: 3 | AH7: 0.018238621 | AI7: 2 | AK7: 2 | AL7: 12 | AM7: G20 | AN7: 0.25380923 | AO7: 3 | AQ7: 2 | AR7: 12 | AS7: 20 | AT7: 0.2606417 | AU7: 2 | AW7: 2 | AX7: 12 | AY7: 20 | AZ7: 0.2606417 | BA7: 2
A8: 3 | B8: 12 | C8: 20 | D8: 0.85807784 | E8: 2 | G8: 3 | H8: 12 | I8: 20 | J8: 0.85807784 | K8: 2 | M8: 3 | N8: 12 | O8: 20 | P8: 0.85807784 | Q8: 2 | S8: 3 | T8: 19 | U8: G21 | V8: 0.017582639 | W8: 4 | Y8: 3 | Z8: 2 | AA8: 5 | AB8: 0.019237517 | AC8: 2 | AE8: 3 | AF8: 2 | AG8: 5 | AH8: 0.019237517 | AI8: 2 | AK8: 3 | AL8: 5 | AM8: G21 | AN8: 0.25569579 | AO8: 4 | AQ8: 3 | AR8: 11 | AS8: 16 | AT8: 0.26450968 | AU8: 2 | AW8: 3 | AX8: 11 | AY8: 16 | AZ8: 0.26450968 | BA8: 2
A9: 4 | B9: 5 | C9: G21 | D9: 0.85960146 | E9: 4 | G9: 4 | H9: 8 | I9: 10 | J9: 0.86329709 | K9: 2 | M9: 4 | N9: 8 | O9: 10 | P9: 0.86329709 | Q9: 2 | S9: 4 | T9: 5 | U9: G22 | V9: 0.017777605 | W9: 5 | Y9: 4 | Z9: 11 | AA9: G20 | AB9: 0.020926914 | AC9: 3 | AE9: 4 | AF9: 11 | AG9: G20 | AH9: 0.020282364 | AI9: 3 | AK9: 4 | AL9: 20 | AM9: G22 | AN9: 0.2606417 | AO9: 5 | AQ9: 4 | AR9: 1 | AS9: 3 | AT9: 0.26646617 | AU9: 2 | AW9: 4 | AX9: 1 | AY9: 3 | AZ9: 0.26646617 | BA9: 2
A10: 5 | B10: 8 | C10: 10 | D10: 0.86329709 | E10: 2 | G10: 5 | H10: 11 | I10: 16 | J10: 0.89987083 | K10: 2 | M10: 5 | N10: 5 | O10: G21 | P10: 0.87557873 | Q10: 4 | S10: 5 | T10: 1 | U10: 3 | V10: 0.018238621 | W10: 2 | Y10: 5 | Z10: 6 | AA10: 9 | AB10: 0.021283566 | AC10: 2 | AE10: 5 | AF10: 6 | AG10: 9 | AH10: 0.021283566 | AI10: 2 | AK10: 5 | AL10: 11 | AM10: 16 | AN10: 0.26450968 | AO10: 2 | AQ10: 5 | AR10: 15 | AS10: 18 | AT10: 0.28152471 | AU10: 2 | AW10: 5 | AX10: G20 | AY10: G21 | AZ10: 0.27169444 | BA10: 4
A11: 6 | B11: G22 | C11: G23 | D11: 0.86463669 | E11: 6 | G11: 6 | H11: 5 | I11: G21 | J11: 0.90194848 | K11: 4 | M11: 6 | N11: 11 | O11: 16 | P11: 0.89987083 | Q11: 2 | S11: 6 | T11: 2 | U11: G23 | V11: 0.019237517 | W11: 6 | Y11: 6 | Z11: 15 | AA11: 19 | AB11: 0.022525152 | AC11: 2 | AE11: 6 | AF11: 15 | AG11: G23 | AH11: 0.021690507 | AI11: 4 | AK11: 6 | AL11: 1 | AM11: 3 | AN11: 0.26646617 | AO11: 2 | AQ11: 6 | AR11: G20 | AS11: G21 | AT11: 0.2835323 | AU11: 4 | AW11: 6 | AX11: 15 | AY11: 18 | AZ11: 0.28152471 | BA11: 2
A12: 7 | B12: 11 | C12: 16 | D12: 0.89987083 | E12: 2 | G12: 7 | H12: 15 | I12: G22 | J12: 0.93530629 | K12: 3 | M12: 7 | N12: G22 | O12: G24 | P12: 0.9136596 | Q12: 6 | S12: 7 | T12: 12 | U12: G25 | V12: 0.019281736 | W12: 7 | Y12: 7 | Z12: 13 | AA12: G23 | AB12: 0.025505956 | AC12: 4 | AE12: 7 | AF12: G22 | AG12: G25 | AH12: 0.023516549 | AI12: 6 | AK12: 7 | AL12: 15 | AM12: 18 | AN12: 0.28152471 | AO12: 2 | AQ12: 7 | AR12: 2 | AS12: 5 | AT12: 0.34054572 | AU12: 2 | AW12: 7 | AX12: 5 | AY12: G24 | AZ12: 0.30877687 | BA12: 5
A13: 8 | B13: 17 | C13: G25 | D13: 0.90374549 | E13: 7 | G13: 8 | H13: 7 | I13: G25 | J13: 0.93954434 | K13: 5 | M13: 8 | N13: 17 | O13: G25 | P13: 0.93997723 | Q13: 3 | S13: 8 | T13: 11 | U13: G26 | V13: 0.019637814 | W13: 8 | Y13: 8 | Z13: G22 | AA13: G24 | AB13: 0.027311371 | AC13: 4 | AE13: 8 | AF13: 13 | AG13: G26 | AH13: 0.025423591 | AI13: 7 | AK13: 8 | AL13: G23 | AM13: G26 | AN13: 0.29306997 | AO13: 7 | AQ13: 8 | AR13: 17 | AS13: G26 | AT13: 0.38160751 | AU13: 3 | AW13: 8 | AX13: G25 | AY13: G26 | AZ13: 0.34658238 | BA13: 7
A14: 9 | B14: G26 | C14: G27 | D14: 0.90930497 | E14: 9 | G14: 9 | H14: 17 | I14: G23 | J14: 0.94608359 | K14: 3 | M14: 9 | N14: 7 | O14: G26 | P14: 0.94125919 | Q14: 7 | S14: 9 | T14: 9 | U14: G27 | V14: 0.020808278 | W14: 9 | Y14: 9 | Z14: 8 | AA14: 10 | AB14: 0.028207844 | AC14: 2 | AE14: 9 | AF14: 12 | AG14: G24 | AH14: 0.026032939 | AI14: 3 | AK14: 9 | AL14: G25 | AM14: G27 | AN14: 0.29415358 | AO14: 9 | AQ14: 9 | AR14: 4 | AS14: 8 | AT14: 0.38354839 | AU14: 2 | AW14: 9 | AX14: G23 | AY14: G27 | AZ14: 0.37381319 | BA14: 9
A15: 10 | B15: G24 | C15: G28 | D15: 0.91079053 | E15: 11 | G15: 10 | H15: 1 | I15: 13 | J15: 0.95461301 | K15: 2 | M15: 10 | N15: 3 | O15: 15 | P15: 0.94469228 | Q15: 2 | S15: 10 | T15: 13 | U15: G28 | V15: 0.021129843 | W15: 10 | Y15: 10 | Z15: 12 | AA15: G25 | AB15: 0.029176686 | AC15: 3 | AE15: 10 | AF15: 19 | AG15: G27 | AH15: 0.027943396 | AI15: 8 | AK15: 10 | AL15: 2 | AM15: G28 | AN15: 0.30123015 | AO15: 10 | AQ15: 10 | AR15: G22 | AS15: G24 | AT15: 0.38584027 | AU15: 4 | AW15: 10 | AX15: 2 | AY15: 17 | AZ15: 0.38160751 | BA15: 2
A16: 11 | B16: 1 | C16: G29 | D16: 0.91624138 | E16: 12 | G16: 11 | H16: 19 | I16: G24 | J16: 0.95807371 | K16: 3 | M16: 11 | N16: 4 | O16: G23 | P16: 0.95276394 | Q16: 3 | S16: 11 | T16: 6 | U16: G29 | V16: 0.021283566 | W16: 11 | Y16: 11 | Z16: 18 | AA16: G27 | AB16: 0.035061128 | AC16: 5 | AE16: 11 | AF16: 8 | AG16: 10 | AH16: 0.028207844 | AI16: 2 | AK16: 11 | AL16: G24 | AM16: G29 | AN16: 0.31365286 | AO16: 12 | AQ16: 11 | AR16: G23 | AS16: G25 | AT16: 0.40430702 | AU16: 6 | AW16: 11 | AX16: 4 | AY16: 8 | AZ16: 0.38354839 | BA16: 2
A17: 12 | B17: 19 | C17: G30 | D17: 0.91996418 | E17: 13 | G17: 12 | H17: 18 | I17: G26 | J17: 0.96666482 | K17: 4 | M17: 12 | N17: G27 | O17: G28 | P17: 0.95403091 | Q17: 10 | S17: 12 | T17: 18 | U17: G30 | V17: 0.025696178 | W17: 12 | Y17: 12 | Z17: 4 | AA17: 7 | AB17: 0.036104781 | AC17: 2 | AE17: 12 | AF17: G28 | AG17: G29 | AH17: 0.030553632 | AI17: 11 | AK17: 12 | AL17: 17 | AM17: G30 | AN17: 0.32051016 | AO17: 13 | AQ17: 12 | AR17: G27 | AS17: G30 | AT17: 0.47313935 | AU17: 9 | AW17: 12 | AX17: G28 | AY17: G29 | AZ17: 0.39462526 | BA17: 11
... A24: 19 | B24: 3 | C24: G37 | D24: 0.94469228 | E24: 20 | G24: 19 | H24: G36 | I24: G37 | J24: 0.99899019 | K24: 20 | M24: 19 | N24: 14 | O24: G37 | P24: 0.97411462 | Q24: 20 | S24: 19 | T24: 16 | U24: G37 | V24: 0.044748204 | W24: 20 | Y24: 19 | Z24: G36 | AA24: G37 | AB24: 0.076515744 | AC24: 20 | AE24: 19 | AF24: 16 | AG24: G37 | AH24: 0.059927942 | AI24: 20 | AK24: 19 | AL24: 13 | AM24: G37 | AN24: 0.40408941 | AO24: 20 | AQ24: 19 | AR24: G36 | AS24: G37 | AT24: 0.6572097 | AU24: 20 | AW24: 19 | AX24: G34 | AY24: G37 | AZ24: 0.52156144 | BA24: 20

Sheet 2.4 Cofenetica CCC
A1: Correlación cofenética: los 190 pares (i < j)
A2: c(i, j) = altura de la fusión donde i y j quedan juntos por primera vez (Evaluacion.matrizCofenetica). CCC = correlación de Pearson entre d y c (Evaluacion.correlacionCofenetica).
A4: CCC (Excel) | D4: =CORREL(C9:C198,D9:D198) -> 0.75683375 | E4: =CORREL(C9:C198,E9:E198) -> 0.73032911 | F4: =CORREL(C9:C198,F9:F198) -> 0.80491731 | H4: =CORREL(G9:G198,H9:H198) -> 0.78758207 | I4: =CORREL(G9:G198,I9:I198) -> 0.70767647 | J4: =CORREL(G9:G198,J9:J198) -> 0.81607435 | L4: =CORREL(K9:K198,L9:L198) -> 0.74536611 | M4: =CORREL(K9:K198,M9:M198) -> 0.68342658 | N4: =CORREL(K9:K198,N9:N198) -> 0.79689851
A5: Programa Java | D5: 0.7568 | E5: 0.7303 | F5: 0.8049 | H5: 0.7876 | I5: 0.7077 | J5: 0.8161 | L5: 0.7454 | M5: 0.6834 | N5: 0.7969
A6: Mayor CCC por representación: average linkage en las tres.
A8: i | B8: j | C8: d tfidf | D8: c tfidf single | E8: c tfidf complete | F8: c tfidf average | G8: d glove | H8: c glove single | I8: c glove complete | J8: c glove average | K8: d sbert | L8: c sbert single | M8: c sbert complete | N8: c sbert average
A9: 1 | B9: 2 | C9: 0.956442 | D9: 0.916241 | E9: 0.99899 | F9: 0.968998 | G9: 0.031134 | H9: 0.029776 | I9: 0.065021 | J9: 0.042183 | K9: 0.410214 | L9: 0.30123 | M9: 0.473139 | N9: 0.394625
A10: 1 | B10: 3 | C10: 0.976135 | D10: 0.944692 | E10: 0.993734 | F10: 0.968998 | G10: 0.018239 | H10: 0.018239 | I10: 0.018239 | J10: 0.018239 | K10: 0.266466 | L10: 0.266466 | M10: 0.266466 | N10: 0.266466
A11: 1 | B11: 4 | C11: 0.984207 | D11: 0.94305 | E11: 0.985301 | F11: 0.968998 | G11: 0.048502 | H11: 0.036753 | I11: 0.076516 | J11: 0.053735 | K11: 0.569279 | L11: 0.383548 | M11: 0.65721 | N11: 0.521561
A12: 1 | B12: 5 | C12: 0.974116 | D12: 0.916241 | E12: 0.99899 | F12: 0.968998 | G12: 0.03922 | H12: 0.029776 | I12: 0.065021 | J12: 0.042183 | K12: 0.366567 | L12: 0.294154 | M12: 0.473139 | N12: 0.373813
A13: 1 | B13: 6 | C13: 0.974083 | D13: 0.916241 | E13: 0.99899 | F13: 0.968998 | G13: 0.039051 | H13: 0.029776 | I13: 0.065021 | J13: 0.042183 | K13: 0.39996 | L13: 0.294154 | M13: 0.404307 | N13: 0.373813
A14: 1 | B14: 7 | C14: 0.989653 | D14: 0.924366 | E14: 0.99899 | F14: 0.968998 | G14: 0.059263 | H14: 0.036753 | I14: 0.076516 | J14: 0.053735 | K14: 0.511916 | L14: 0.366746 | M14: 0.65721 | N14: 0.512167
A15: 1 | B15: 8 | C15: 0.967967 | D15: 0.916241 | E15: 0.993734 | F15: 0.968998 | G15: 0.047096 | H15: 0.030029 | I15: 0.049904 | J15: 0.046603 | K15: 0.465361 | L15: 0.377198 | M15: 0.65721 | N15: 0.521561
A16: 1 | B16: 9 | C16: 0.960251 | D16: 0.916241 | E16: 0.99899 | F16: 0.968998 | G16: 0.052628 | H16: 0.029776 | I16: 0.065021 | J16: 0.042183 | K16: 0.329119 | L16: 0.294154 | M16: 0.404307 | N16: 0.373813
A17: 1 | B17: 10 | C17: 0.980093 | D17: 0.916241 | E17: 0.993734 | F17: 0.968998 | G17: 0.049543 | H17: 0.030029 | I17: 0.049904 | J17: 0.046603 | K17: 0.50261 | L17: 0.363588 | M17: 0.65721 | N17: 0.521561
A18: 1 | B18: 11 | C18: 0.916241 | D18: 0.916241 | E18: 0.99899 | F18: 0.968998 | G18: 0.037242 | H18: 0.029776 | I18: 0.065021 | J18: 0.042183 | K18: 0.397782 | L18: 0.313653 | M18: 0.599119 | N18: 0.410867
A19: 1 | B19: 12 | C19: 0.962494 | D19: 0.916241 | E19: 0.99899 | F19: 0.968998 | G19: 0.043269 | H19: 0.029776 | I19: 0.065021 | J19: 0.042183 | K19: 0.366923 | L19: 0.294154 | M19: 0.404307 | N19: 0.373813
A20: 1 | B20: 13 | C20: 0.954613 | D20: 0.933187 | E20: 0.954613 | F20: 0.954613 | G20: 0.038428 | H20: 0.029776 | I20: 0.065021 | J20: 0.042183 | K20: 0.437904 | L20: 0.404089 | M20: 0.493172 | N20: 0.451208
... A198: 19 | B198: 20 | C198: 0.97748 | D198: 0.919964 | E198: 0.987172 | F198: 0.967741 | G198: 0.017583 | H198: 0.017583 | I198: 0.045656 | J198: 0.027943 | K198: 0.489485 | L198: 0.403021 | M198: 0.599119 | N198: 0.507543

Sheet 2.5 Silueta SBERT
A1: Silueta del corte en k = 2 (Sentence-BERT, average linkage)
A2: a(i) = distancia promedio de i a los de su grupo; b(i) = distancia promedio al otro grupo; s(i) = (b − a) / max(a, b). Código: Evaluacion.silueta, línea 107.
B4: 1 | C4: 2 | D4: 3 | E4: 4 | F4: 5 | G4: 6 | H4: 7 | I4: 8 | J4: 9 | K4: 10 | L4: 11 | M4: 12 | N4: 13 | O4: 14 | P4: 15 | Q4: 16 | R4: 17 | S4: 18 | T4: 19 | U4: 20 | W4: Abstract | X4: Grupo (corte k = 2) | Y4: a(i) | Z4: b(i) | AA4: s(i)
A5: 1 | B5: 0 | C5: 0.410214 | D5: 0.266466 | E5: 0.569279 | F5: 0.366567 | G5: 0.39996 | H5: 0.511916 | I5: 0.465361 | J5: 0.329119 | K5: 0.50261 | L5: 0.397782 | M5: 0.366923 | N5: 0.437904 | O5: 0.406284 | P5: 0.401989 | Q5: 0.509204 | R5: 0.473139 | S5: 0.473504 | T5: 0.518866 | U5: 0.352352 | W5: 1 | X5: 0 | Y5: =SUMPRODUCT(($B$27:$U$27=X5)*(B5:U5))/(COUNTIF($X$5:$X$24,X5)-1) -> 0.41388681 | Z5: =SUMPRODUCT(($B$27:$U$27<>X5)*(B5:U5))/(20-COUNTIF($X$5:$X$24,X5)) -> 0.51241667 | AA5: =(Z5-Y5)/MAX(Y5,Z5) -> 0.19228464
A6: 2 | B6: 0.410214 | C6: 0 | D6: 0.410279 | E6: 0.569123 | F6: 0.340546 | G6: 0.389422 | H6: 0.502672 | I6: 0.462351 | J6: 0.30123 | K6: 0.41654 | L6: 0.40162 | M6: 0.381208 | N6: 0.481868 | O6: 0.434294 | P6: 0.397865 | Q6: 0.528395 | R6: 0.381608 | S6: 0.465217 | T6: 0.537687 | U6: 0.369737 | W6: 2 | X6: 0 | Y6: =SUMPRODUCT(($B$27:$U$27=X6)*(B6:U6))/(COUNTIF($X$5:$X$24,X6)-1) -> 0.42086638 | Z6: =SUMPRODUCT(($B$27:$U$27<>X6)*(B6:U6))/(20-COUNTIF($X$5:$X$24,X6)) -> 0.48267133 | AA6: =(Z6-Y6)/MAX(Y6,Z6) -> 0.12804771
A7: 3 | B7: 0.266466 | C7: 0.410279 | D7: 0 | E7: 0.519003 | F7: 0.296426 | G7: 0.404307 | H7: 0.446089 | I7: 0.458721 | J7: 0.294154 | K7: 0.475453 | L7: 0.409349 | M7: 0.346831 | N7: 0.408007 | O7: 0.350786 | P7: 0.39982 | Q7: 0.429358 | R7: 0.415359 | S7: 0.459199 | T7: 0.508781 | U7: 0.342234 | W7: 3 | X7: 0 | Y7: =SUMPRODUCT(($B$27:$U$27=X7)*(B7:U7))/(COUNTIF($X$5:$X$24,X7)-1) -> 0.38671531 | Z7: =SUMPRODUCT(($B$27:$U$27<>X7)*(B7:U7))/(20-COUNTIF($X$5:$X$24,X7)) -> 0.48439233 | AA7: =(Z7-Y7)/MAX(Y7,Z7) -> 0.20164857
A8: 4 | B8: 0.569279 | C8: 0.569123 | D8: 0.519003 | E8: 0 | F8: 0.561773 | G8: 0.582478 | H8: 0.55845 | I8: 0.383548 | J8: 0.547275 | K8: 0.507924 | L8: 0.630378 | M8: 0.559904 | N8: 0.652819 | O8: 0.65721 | P8: 0.500991 | Q8: 0.640367 | R8: 0.652214 | S8: 0.52919 | T8: 0.576198 | U8: 0.597296 | W8: 4 | X8: 1 | Y8: =SUMPRODUCT(($B$27:$U$27=X8)*(B8:U8))/(COUNTIF($X$5:$X$24,X8)-1) -> 0.445736 | Z8: =SUMPRODUCT(($B$27:$U$27<>X8)*(B8:U8))/(20-COUNTIF($X$5:$X$24,X8)) -> 0.58258518 | AA8: =(Z8-Y8)/MAX(Y8,Z8) -> 0.23489986
A9: 5 | B9: 0.366567 | C9: 0.340546 | D9: 0.296426 | E9: 0.561773 | F9: 0 | G9: 0.342849 | H9: 0.472881 | I9: 0.398677 | J9: 0.255696 | K9: 0.363588 | L9: 0.395746 | M9: 0.331734 | N9: 0.477743 | O9: 0.446325 | P9: 0.332642 | Q9: 0.4466 | R9: 0.361384 | S9: 0.359324 | T9: 0.481021 | U9: 0.304829 | W9: 5 | X9: 0 | Y9: =SUMPRODUCT(($B$27:$U$27=X9)*(B9:U9))/(COUNTIF($X$5:$X$24,X9)-1) -> 0.37576956 | Z9: =SUMPRODUCT(($B$27:$U$27<>X9)*(B9:U9))/(20-COUNTIF($X$5:$X$24,X9)) -> 0.441346 | AA9: =(Z9-Y9)/MAX(Y9,Z9) -> 0.14858283
A10: 6 | B10: 0.39996 | C10: 0.389422 | D10: 0.404307 | E10: 0.582478 | F10: 0.342849 | G10: 0 | H10: 0.461154 | I10: 0.5371 | J10: 0.190163 | K10: 0.532414 | L10: 0.455489 | M10: 0.280239 | N10: 0.493172 | O10: 0.48548 | P10: 0.34447 | Q10: 0.535054 | R10: 0.447232 | S10: 0.413408 | T10: 0.566065 | U10: 0.283532 | W10: 6 | X10: 0 | Y10: =SUMPRODUCT(($B$27:$U$27=X10)*(B10:U10))/(COUNTIF($X$5:$X$24,X10)-1) -> 0.40574975 | Z10: =SUMPRODUCT(($B$27:$U$27<>X10)*(B10:U10))/(20-COUNTIF($X$5:$X$24,X10)) -> 0.550664 | AA10: =(Z10-Y10)/MAX(Y10,Z10) -> 0.26316275
A11: 7 | B11: 0.511916 | C11: 0.502672 | D11: 0.446089 | E11: 0.55845 | F11: 0.472881 | G11: 0.461154 | H11: 0 | I11: 0.535534 | J11: 0.366746 | K11: 0.529381 | L11: 0.512231 | M11: 0.48515 | N11: 0.628663 | O11: 0.520743 | P11: 0.508306 | Q11: 0.599553 | R11: 0.614799 | S11: 0.495786 | T11: 0.570412 | U11: 0.497568 | W11: 7 | X11: 0 | Y11: =SUMPRODUCT(($B$27:$U$27=X11)*(B11:U11))/(COUNTIF($X$5:$X$24,X11)-1) -> 0.51216681 | Z11: =SUMPRODUCT(($B$27:$U$27<>X11)*(B11:U11))/(20-COUNTIF($X$5:$X$24,X11)) -> 0.54112167 | AA11: =(Z11-Y11)/MAX(Y11,Z11) -> 0.053508954
A12: 8 | B12: 0.465361 | C12: 0.462351 | D12: 0.458721 | E12: 0.383548 | F12: 0.398677 | G12: 0.5371 | H12: 0.535534 | I12: 0 | J12: 0.460908 | K12: 0.417809 | L12: 0.569424 | M12: 0.446578 | N12: 0.603407 | O12: 0.561308 | P12: 0.377198 | Q12: 0.602328 | R12: 0.486102 | S12: 0.488796 | T12: 0.472836 | U12: 0.47938 | W12: 8 | X12: 1 | Y12: =SUMPRODUCT(($B$27:$U$27=X12)*(B12:U12))/(COUNTIF($X$5:$X$24,X12)-1) -> 0.4006785 | Z12: =SUMPRODUCT(($B$27:$U$27<>X12)*(B12:U12))/(20-COUNTIF($X$5:$X$24,X12)) -> 0.49447112 | AA12: =(Z12-Y12)/MAX(Y12,Z12) -> 0.1896827
A13: 9 | B13: 0.329119 | C13: 0.30123 | D13: 0.294154 | E13: 0.547275 | F13: 0.255696 | G13: 0.190163 | H13: 0.366746 | I13: 0.460908 | J13: 0 | K13: 0.4525 | L13: 0.375353 | M13: 0.253809 | N13: 0.449034 | O13: 0.383343 | P13: 0.320505 | Q13: 0.436367 | R13: 0.41071 | S13: 0.321254 | T13: 0.491875 | U13: 0.269197 | W13: 9 | X13: 0 | Y13: =SUMPRODUCT(($B$27:$U$27=X13)*(B13:U13))/(COUNTIF($X$5:$X$24,X13)-1) -> 0.34053469 | Z13: =SUMPRODUCT(($B$27:$U$27<>X13)*(B13:U13))/(20-COUNTIF($X$5:$X$24,X13)) -> 0.48689433 | AA13: =(Z13-Y13)/MAX(Y13,Z13) -> 0.30059838
A14: 10 | B14: 0.50261 | C14: 0.41654 | D14: 0.475453 | E14: 0.507924 | F14: 0.363588 | G14: 0.532414 | H14: 0.529381 | I14: 0.417809 | J14: 0.4525 | K14: 0 | L14: 0.482707 | M14: 0.547605 | N14: 0.572594 | O14: 0.537072 | P14: 0.439591 | Q14: 0.523614 | R14: 0.485457 | S14: 0.452304 | T14: 0.516391 | U14: 0.459853 | W14: 10 | X14: 1 | Y14: =SUMPRODUCT(($B$27:$U$27=X14)*(B14:U14))/(COUNTIF($X$5:$X$24,X14)-1) -> 0.4628665 | Z14: =SUMPRODUCT(($B$27:$U$27<>X14)*(B14:U14))/(20-COUNTIF($X$5:$X$24,X14)) -> 0.48762788 | AA14: =(Z14-Y14)/MAX(Y14,Z14) -> 0.050779259
A15: 11 | B15: 0.397782 | C15: 0.40162 | D15: 0.409349 | E15: 0.630378 | F15: 0.395746 | G15: 0.455489 | H15: 0.512231 | I15: 0.569424 | J15: 0.375353 | K15: 0.482707 | L15: 0 | M15: 0.345325 | N15: 0.404089 | O15: 0.445512 | P15: 0.317631 | Q15: 0.26451 | R15: 0.323848 | S15: 0.344489 | T15: 0.53184 | U15: 0.313653 | W15: 11 | X15: 0 | Y15: =SUMPRODUCT(($B$27:$U$27=X15)*(B15:U15))/(COUNTIF($X$5:$X$24,X15)-1) -> 0.38990419 | Z15: =SUMPRODUCT(($B$27:$U$27<>X15)*(B15:U15))/(20-COUNTIF($X$5:$X$24,X15)) -> 0.56083633 | AA15: =(Z15-Y15)/MAX(Y15,Z15) -> 0.3047808
A16: 12 | B16: 0.366923 | C16: 0.381208 | D16: 0.346831 | E16: 0.559904 | F16: 0.331734 | G16: 0.280239 | H16: 0.48515 | I16: 0.446578 | J16: 0.253809 | K16: 0.547605 | L16: 0.345325 | M16: 0 | N16: 0.4113 | O16: 0.507388 | P16: 0.296166 | Q16: 0.419928 | R16: 0.394127 | S16: 0.386938 | T16: 0.531443 | U16: 0.260642 | W16: 12 | X16: 0 | Y16: =SUMPRODUCT(($B$27:$U$27=X16)*(B16:U16))/(COUNTIF($X$5:$X$24,X16)-1) -> 0.37494694 | Z16: =SUMPRODUCT(($B$27:$U$27<>X16)*(B16:U16))/(20-COUNTIF($X$5:$X$24,X16)) -> 0.518029 | AA16: =(Z16-Y16)/MAX(Y16,Z16) -> 0.27620473
... A24: 20 | B24: 0.352352 | C24: 0.369737 | D24: 0.342234 | E24: 0.597296 | F24: 0.304829 | G24: 0.283532 | H24: 0.497568 | I24: 0.47938 | J24: 0.269197 | K24: 0.459853 | L24: 0.313653 | M24: 0.260642 | N24: 0.408201 | O24: 0.473633 | P24: 0.29307 | Q24: 0.447331 | R24: 0.32051 | S24: 0.398047 | T24: 0.489485 | U24: 0 | W24: 20 | X24: 0 | Y24: =SUMPRODUCT(($B$27:$U$27=X24)*(B24:U24))/(COUNTIF($X$5:$X$24,X24)-1) -> 0.36400131 | Z24: =SUMPRODUCT(($B$27:$U$27<>X24)*(B24:U24))/(20-COUNTIF($X$5:$X$24,X24)) -> 0.51217633 | AA24: =(Z24-Y24)/MAX(Y24,Z24) -> 0.2893047
W26: Silueta promedio | AA26: =AVERAGE(AA5:AA24) -> 0.18943399
A27: Grupo | B27: =INDEX($X$5:$X$24,1) -> 0 | C27: =INDEX($X$5:$X$24,2) -> 0 | D27: =INDEX($X$5:$X$24,3) -> 0 | E27: =INDEX($X$5:$X$24,4) -> 1 | F27: =INDEX($X$5:$X$24,5) -> 0 | G27: =INDEX($X$5:$X$24,6) -> 0 | H27: =INDEX($X$5:$X$24,7) -> 0 | I27: =INDEX($X$5:$X$24,8) -> 1 | J27: =INDEX($X$5:$X$24,9) -> 0 | K27: =INDEX($X$5:$X$24,10) -> 1 | L27: =INDEX($X$5:$X$24,11) -> 0 | M27: =INDEX($X$5:$X$24,12) -> 0 | N27: =INDEX($X$5:$X$24,13) -> 0 | O27: =INDEX($X$5:$X$24,14) -> 0 | P27: =INDEX($X$5:$X$24,15) -> 0 | Q27: =INDEX($X$5:$X$24,16) -> 0 | R27: =INDEX($X$5:$X$24,17) -> 0 | S27: =INDEX($X$5:$X$24,18) -> 0 | T27: =INDEX($X$5:$X$24,19) -> 0 | U27: =INDEX($X$5:$X$24,20) -> 0 | W27: Programa Java | AA27: 0.1894

Sheet 3.1 KMP
A1: KMP: función de prefijos π del patrón "intelligence in" y recorrido del texto
A2: π[q] = longitud del prefijo más largo de P[0..q] que también es sufijo. Ante un fallo q = π[q−1]; el índice del texto nunca retrocede. Código: KMP.java 26-63.
A4: q | B4: 0 | C4: 1 | D4: 2 | E4: 3 | F4: 4 | G4: 5 | H4: 6 | I4: 7 | J4: 8 | K4: 9 | L4: 10 | M4: 11 | N4: 12 | O4: 13 | P4: 14
A5: P[q] | B5: i | C5: n | D5: t | E5: e | F5: l | G5: l | H5: i | I5: g | J5: e | K5: n | L5: c | M5: e | N5: ␣ | O5: i | P5: n
A6: π[q] | B6: 0 | C6: 0 | D6: 0 | E6: 0 | F6: 0 | G6: 0 | H6: 1 | I6: 0 | J6: 0 | K6: 0 | L6: 0 | M6: 0 | N6: 0 | O6: 1 | P6: 2
A7: Comprobación | B7: =IF(B6=0,"-",IF(LEFT("intelligence in",B6)=MID("intelligence in",0-B6+2,B6),"ok","error")) -> - | C7: =IF(C6=0,"-",IF(LEFT("intelligence in",C6)=MID("intelligence in",1-C6+2,C6),"ok","error")) -> - | D7: =IF(D6=0,"-",IF(LEFT("intelligence in",D6)=MID("intelligence in",2-D6+2,D6),"ok","error")) -> - | E7: =IF(E6=0,"-",IF(LEFT("intelligence in",E6)=MID("intelligence in",3-E6+2,E6),"ok","error")) -> - | F7: =IF(F6=0,"-",IF(LEFT("intelligence in",F6)=MID("intelligence in",4-F6+2,F6),"ok","error")) -> - | G7: =IF(G6=0,"-",IF(LEFT("intelligence in",G6)=MID("intelligence in",5-G6+2,G6),"ok","error")) -> - | H7: =IF(H6=0,"-",IF(LEFT("intelligence in",H6)=MID("intelligence in",6-H6+2,H6),"ok","error")) -> ok | I7: =IF(I6=0,"-",IF(LEFT("intelligence in",I6)=MID("intelligence in",7-I6+2,I6),"ok","error")) -> - | J7: =IF(J6=0,"-",IF(LEFT("intelligence in",J6)=MID("intelligence in",8-J6+2,J6),"ok","error")) -> - | K7: =IF(K6=0,"-",IF(LEFT("intelligence in",K6)=MID("intelligence in",9-K6+2,K6),"ok","error")) -> - | L7: =IF(L6=0,"-",IF(LEFT("intelligence in",L6)=MID("intelligence in",10-L6+2,L6),"ok","error")) -> - | M7: =IF(M6=0,"-",IF(LEFT("intelligence in",M6)=MID("intelligence in",11-M6+2,M6),"ok","error")) -> - | N7: =IF(N6=0,"-",IF(LEFT("intelligence in",N6)=MID("intelligence in",12-N6+2,N6),"ok","error")) -> - | O7: =IF(O6=0,"-",IF(LEFT("intelligence in",O6)=MID("intelligence in",13-O6+2,O6),"ok","error")) -> ok | P7: =IF(P6=0,"-",IF(LEFT("intelligence in",P6)=MID("intelligence in",14-P6+2,P6),"ok","error")) -> ok
A9: Texto (n = 154) | B9: according to various international reports, artificial intelligence in education (aied) is one of the currently emerging fields in educational technology.
A10: Longitud n | B10: =LEN(B9) -> 154
A12: i (texto) | B12: T[i] | C12: q antes | D12: Evento | F12: Comparaciones = n + fallos que retroceden
A13: 8 | B13: =MID($B$9,A13+1,1) -> g | C13: 2 | D13: falla con P[2]=t -> q = π[1] = 0 | F13: n | G13: =B10 -> 154
A14: 17 | B14: =MID($B$9,A14+1,1) -> o | C14: 1 | D14: falla con P[1]=n -> q = π[0] = 0 | F14: retrocesos del while | G14: 15
A15: 25 | B15: =MID($B$9,A15+1,1) -> r | C15: 4 | D15: falla con P[4]=l -> q = π[3] = 0 | F15: Total | G15: =G13+G14 -> 169
A16: 30 | B16: =MID($B$9,A16+1,1) -> o | C16: 1 | D16: falla con P[1]=n -> q = 0 | F16: Programa Java | G16: 169
A17: 48 | B17: =MID($B$9,A17+1,1) -> f | C17: 1 | D17: falla con P[1]=n -> q = 0 | F17: Posición encontrada (comprobación con MID) | G17: =IF(MID(B9,56,15)="intelligence in","ok en s = 55","error") -> ok en s = 55
A18: 50 | B18: =MID($B$9,A18+1,1) -> c | C18: 1 | D18: falla con P[1]=n -> q = 0
A19: 52 | B19: =MID($B$9,A19+1,1) -> a | C19: 1 | D19: falla con P[1]=n -> q = 0
A20: 69 | B20: =MID($B$9,A20+1,1) -> n | C20: 15 | D20: q = 15 -> OCURRENCIA en s = 69 − 15 + 1 = 55; q = π[14] = 2
A21: 70 | B21: =MID($B$9,A21+1,1) | C21: 2 | D21: falla con P[2]=t -> q = π[1] = 0
A22: 78 | B22: =MID($B$9,A22+1,1) -> o | C22: 1 | D22: falla -> q = 0
A23: 84 | B23: =MID($B$9,A23+1,1) -> e | C23: 1 | D23: falla -> q = 0
A24: 89 | B24: =MID($B$9,A24+1,1) -> s | C24: 1 | D24: falla -> q = 0
A25: 119 | B25: =MID($B$9,A25+1,1) -> g | C25: 2 | D25: falla con P[2]=t -> q = 0
A26: 123 | B26: =MID($B$9,A26+1,1) -> e | C26: 1 | D26: falla -> q = 0
A27: 130 | B27: =MID($B$9,A27+1,1) | C27: 2 | D27: falla con P[2]=t -> q = 0
A28: 138 | B28: =MID($B$9,A28+1,1) -> o | C28: 1 | D28: falla -> q = 0

Sheet 3.2 Boyer-Moore
A1: Boyer-Moore: tablas y desplazamientos
A2: ultimo[c] = última posición de c en P (−1 si no está). Desplazamiento = max(j − ultimo[T[s+j]], desplaz.[j+1]). Código: BoyerMoore.java 48-124.
A4: j | B4: 0 | C4: 1 | D4: 2 | E4: 3 | F4: 4 | G4: 5 | H4: 6 | I4: 7 | J4: 8 | K4: 9 | L4: 10 | M4: 11 | N4: 12 | O4: 13 | P4: 14
A5: P[j] | B5: i | C5: n | D5: t | E5: e | F5: l | G5: l | H5: i | I5: g | J5: e | K5: n | L5: c | M5: e | O5: i | P5: n
A7: Carácter c | B7: ultimo[c] | D7: Sufijo bueno
A8: i | B8: =SUMPRODUCT(MAX(($B$5:$P$5=A8)*($B$4:$P$4+1)))-1 -> 13 | D8: j | E8: 0 | F8: 1 | G8: 2 | H8: 3 | I8: 4 | J8: 5 | K8: 6 | L8: 7 | M8: 8 | N8: 9 | O8: 10 | P8: 11 | Q8: 12 | R8: 13 | S8: 14 | T8: 15
A9: n | B9: =SUMPRODUCT(MAX(($B$5:$P$5=A9)*($B$4:$P$4+1)))-1 -> 14 | D9: borde[j] | E9: 13 | F9: 14 | G9: 15 | H9: 15 | I9: 15 | J9: 15 | K9: 15 | L9: 15 | M9: 15 | N9: 14 | O9: 15 | P9: 15 | Q9: 15 | R9: 15 | S9: 15 | T9: 16
A10: t | B10: =SUMPRODUCT(MAX(($B$5:$P$5=A10)*($B$4:$P$4+1)))-1 -> 2 | D10: desplaz.[j] | E10: 13 | F10: 13 | G10: 13 | H10: 13 | I10: 13 | J10: 13 | K10: 13 | L10: 13 | M10: 13 | N10: 13 | O10: 13 | P10: 13 | Q10: 13 | R10: 13 | S10: 5 | T10: 1
A11: e | B11: =SUMPRODUCT(MAX(($B$5:$P$5=A11)*($B$4:$P$4+1)))-1 -> 11
A12: l | B12: =SUMPRODUCT(MAX(($B$5:$P$5=A12)*($B$4:$P$4+1)))-1 -> 5
A13: g | B13: =SUMPRODUCT(MAX(($B$5:$P$5=A13)*($B$4:$P$4+1)))-1 -> 7
A14: c | B14: =SUMPRODUCT(MAX(($B$5:$P$5=A14)*($B$4:$P$4+1)))-1 -> 10
B15: =SUMPRODUCT(MAX(($B$5:$P$5=A15)*($B$4:$P$4+1)))-1 -> 12
A16: otro | B16: -1
A20: Texto | B20: according to various international reports, artificial intelligence in education (aied) is one of the currently emerging fields in educational technology.
A22: s | B22: Ventana T[s..s+14] | C22: j del fallo | D22: T[s+j] | E22: ultimo[T[s+j]] | F22: Carácter malo j − ultimo | G22: Sufijo bueno desplaz.[j+1] | H22: Salto | I22: Comparaciones en esta alineación
A23: 0 | B23: =MID($B$20,A23+1,15) -> according to va | C23: 14 | D23: =MID($B$20,A23+C23+1,1) -> a | E23: =IFERROR(VLOOKUP(D23,$A$8:$B$15,2,FALSE()),-1) -> -1 | F23: =C23-E23 -> 15 | G23: =INDEX($E$10:$T$10,C23+2) -> 1 | H23: =MAX(F23,G23) -> 15 | I23: =14-C23+1 -> 1
A24: =A23+H23 -> 15 | B24: =MID($B$20,A24+1,15) -> rious internati | C24: 14 | D24: =MID($B$20,A24+C24+1,1) -> i | E24: =IFERROR(VLOOKUP(D24,$A$8:$B$15,2,FALSE()),-1) -> 13 | F24: =C24-E24 -> 1 | G24: =INDEX($E$10:$T$10,C24+2) -> 1 | H24: =MAX(F24,G24) -> 1 | I24: =14-C24+1 -> 1
A25: =A24+H24 -> 16 | B25: =MID($B$20,A25+1,15) -> ious internatio | C25: 14 | D25: =MID($B$20,A25+C25+1,1) -> o | E25: =IFERROR(VLOOKUP(D25,$A$8:$B$15,2,FALSE()),-1) -> -1 | F25: =C25-E25 -> 15 | G25: =INDEX($E$10:$T$10,C25+2) -> 1 | H25: =MAX(F25,G25) -> 15 | I25: =14-C25+1 -> 1
A26: =A25+H25 -> 31 | B26: =MID($B$20,A26+1,15) -> nal reports, ar | C26: 14 | D26: =MID($B$20,A26+C26+1,1) -> r | E26: =IFERROR(VLOOKUP(D26,$A$8:$B$15,2,FALSE()),-1) -> -1 | F26: =C26-E26 -> 15 | G26: =INDEX($E$10:$T$10,C26+2) -> 1 | H26: =MAX(F26,G26) -> 15 | I26: =14-C26+1 -> 1
A27: =A26+H26 -> 46 | B27: =MID($B$20,A27+1,15) -> tificial intell | C27: 14 | D27: =MID($B$20,A27+C27+1,1) -> l | E27: =IFERROR(VLOOKUP(D27,$A$8:$B$15,2,FALSE()),-1) -> 5 | F27: =C27-E27 -> 9 | G27: =INDEX($E$10:$T$10,C27+2) -> 1 | H27: =MAX(F27,G27) -> 9 | I27: =14-C27+1 -> 1
A28: =A27+H27 -> 55 | B28: =MID($B$20,A28+1,15) -> intelligence in | C28: coincide | H28: =E10 -> 13 | I28: 15
A29: =A28+H28 -> 68 | B29: =MID($B$20,A29+1,15) -> in education (a | C29: 14 | D29: =MID($B$20,A29+C29+1,1) -> a | E29: =IFERROR(VLOOKUP(D29,$A$8:$B$15,2,FALSE()),-1) -> -1 | F29: =C29-E29 -> 15 | G29: =INDEX($E$10:$T$10,C29+2) -> 1 | H29: =MAX(F29,G29) -> 15 | I29: =14-C29+1 -> 1
A30: =A29+H29 -> 83 | B30: =MID($B$20,A30+1,15) -> ied) is one of | C30: 14 | D30: =MID($B$20,A30+C30+1,1) | E30: =IFERROR(VLOOKUP(D30,$A$8:$B$15,2,FALSE()),-1) -> 12 | F30: =C30-E30 -> 2 | G30: =INDEX($E$10:$T$10,C30+2) -> 1 | H30: =MAX(F30,G30) -> 2 | I30: =14-C30+1 -> 1
A31: =A30+H30 -> 85 | B31: =MID($B$20,A31+1,15) -> d) is one of th | C31: 14 | D31: =MID($B$20,A31+C31+1,1) -> h | E31: =IFERROR(VLOOKUP(D31,$A$8:$B$15,2,FALSE()),-1) -> -1 | F31: =C31-E31 -> 15 | G31: =INDEX($E$10:$T$10,C31+2) -> 1 | H31: =MAX(F31,G31) -> 15 | I31: =14-C31+1 -> 1
A32: =A31+H31 -> 100 | B32: =MID($B$20,A32+1,15) -> e currently eme | C32: 14 | D32: =MID($B$20,A32+C32+1,1) -> e | E32: =IFERROR(VLOOKUP(D32,$A$8:$B$15,2,FALSE()),-1) -> 11 | F32: =C32-E32 -> 3 | G32: =INDEX($E$10:$T$10,C32+2) -> 1 | H32: =MAX(F32,G32) -> 3 | I32: =14-C32+1 -> 1
A33: =A32+H32 -> 103 | B33: =MID($B$20,A33+1,15) -> urrently emergi | C33: 14 | D33: =MID($B$20,A33+C33+1,1) -> i | E33: =IFERROR(VLOOKUP(D33,$A$8:$B$15,2,FALSE()),-1) -> 13 | F33: =C33-E33 -> 1 | G33: =INDEX($E$10:$T$10,C33+2) -> 1 | H33: =MAX(F33,G33) -> 1 | I33: =14-C33+1 -> 1
A34: =A33+H33 -> 104 | B34: =MID($B$20,A34+1,15) -> rrently emergin | C34: 12 | D34: =MID($B$20,A34+C34+1,1) -> g | E34: =IFERROR(VLOOKUP(D34,$A$8:$B$15,2,FALSE()),-1) -> 7 | F34: =C34-E34 -> 5 | G34: =INDEX($E$10:$T$10,C34+2) -> 13 | H34: =MAX(F34,G34) -> 13 | I34: =14-C34+1 -> 3
A35: =A34+H34 -> 117 | B35: =MID($B$20,A35+1,15) -> ing fields in e | C35: 14 | D35: =MID($B$20,A35+C35+1,1) -> e | E35: =IFERROR(VLOOKUP(D35,$A$8:$B$15,2,FALSE()),-1) -> 11 | F35: =C35-E35 -> 3 | G35: =INDEX($E$10:$T$10,C35+2) -> 1 | H35: =MAX(F35,G35) -> 3 | I35: =14-C35+1 -> 1
A36: =A35+H35 -> 120 | B36: =MID($B$20,A36+1,15) -> fields in educ | C36: 14 | D36: =MID($B$20,A36+C36+1,1) -> c | E36: =IFERROR(VLOOKUP(D36,$A$8:$B$15,2,FALSE()),-1) -> 10 | F36: =C36-E36 -> 4 | G36: =INDEX($E$10:$T$10,C36+2) -> 1 | H36: =MAX(F36,G36) -> 4 | I36: =14-C36+1 -> 1
A37: =A36+H36 -> 124 | B37: =MID($B$20,A37+1,15) -> lds in educatio | C37: 14 | D37: =MID($B$20,A37+C37+1,1) -> o | E37: =IFERROR(VLOOKUP(D37,$A$8:$B$15,2,FALSE()),-1) -> -1 | F37: =C37-E37 -> 15 | G37: =INDEX($E$10:$T$10,C37+2) -> 1 | H37: =MAX(F37,G37) -> 15 | I37: =14-C37+1 -> 1
A38: =A37+H37 -> 139 | B38: =MID($B$20,A38+1,15) -> nal technology. | C38: 14 | D38: =MID($B$20,A38+C38+1,1) -> . | E38: =IFERROR(VLOOKUP(D38,$A$8:$B$15,2,FALSE()),-1) -> -1 | F38: =C38-E38 -> 15 | G38: =INDEX($E$10:$T$10,C38+2) -> 1 | H38: =MAX(F38,G38) -> 15 | I38: =14-C38+1 -> 1
A40: Comparaciones totales | I40: =SUM(I23:I38) -> 32
A41: Programa Java: 16 alineaciones, 32 comparaciones, ocurrencia en s = 55

Sheet 3.3 Rabin-Karp
A1: Rabin-Karp con d = 256 y q = 97
A2: h = d^(m−1) mod q; hash(P) por Horner; t(s+1) = (d (t(s) − T[s] h) + T[s+m]) mod q. Si hash(P) = t(s) se verifica carácter por carácter. Código: RabinKarp.java 41-98.
A4: d | B4: 256
A5: q | B5: 97
A6: m | B6: =LEN(B8) -> 15
A7: Texto | B7: according to various international reports, artificial intelligence in education (aied) is one of the currently emerging fields in educational technology.
A8: Patrón | B8: intelligence in
A10: paso | B10: P[paso] | C10: código | D10: hash parcial de P (Horner) | E10: d^paso mod q | F10: hash parcial de la 1.ª ventana
A11: 0 | B11: =MID($B$8,A11+1,1) -> i | C11: =CODE(B11) -> 105 | D11: =MOD($B$4*0+C11,$B$5) -> 8 | E11: =1 -> 1 | F11: =MOD($B$4*0+CODE(MID($B$7,A11+1,1)),$B$5) -> 0 | G11: hash(P) | H11: =D25 -> 64 | I11: Programa: 64
A12: 1 | B12: =MID($B$8,A12+1,1) -> n | C12: =CODE(B12) -> 110 | D12: =MOD($B$4*D11+C12,$B$5) -> 24 | E12: =MOD(E11*$B$4,$B$5) -> 62 | F12: =MOD($B$4*F11+CODE(MID($B$7,A12+1,1)),$B$5) -> 2 | G12: h = d^(m−1) mod q | H12: =E25 -> 61 | I12: Programa: 61
A13: 2 | B13: =MID($B$8,A13+1,1) -> t | C13: =CODE(B13) -> 116 | D13: =MOD($B$4*D12+C13,$B$5) -> 52 | E13: =MOD(E12*$B$4,$B$5) -> 61 | F13: =MOD($B$4*F12+CODE(MID($B$7,A13+1,1)),$B$5) -> 29 | G13: t(0) primera ventana | H13: =F25 -> 13 | I13: Programa: 13
A14: 3 | B14: =MID($B$8,A14+1,1) -> e | C14: =CODE(B14) -> 101 | D14: =MOD($B$4*D13+C14,$B$5) -> 27 | E14: =MOD(E13*$B$4,$B$5) -> 96 | F14: =MOD($B$4*F13+CODE(MID($B$7,A14+1,1)),$B$5) -> 66
A15: 4 | B15: =MID($B$8,A15+1,1) -> l | C15: =CODE(B15) -> 108 | D15: =MOD($B$4*D14+C15,$B$5) -> 36 | E15: =MOD(E14*$B$4,$B$5) -> 35 | F15: =MOD($B$4*F14+CODE(MID($B$7,A15+1,1)),$B$5) -> 35
A16: 5 | B16: =MID($B$8,A16+1,1) -> l | C16: =CODE(B16) -> 108 | D16: =MOD($B$4*D15+C16,$B$5) -> 12 | E16: =MOD(E15*$B$4,$B$5) -> 36 | F16: =MOD($B$4*F15+CODE(MID($B$7,A16+1,1)),$B$5) -> 39
A17: 6 | B17: =MID($B$8,A17+1,1) -> i | C17: =CODE(B17) -> 105 | D17: =MOD($B$4*D16+C17,$B$5) -> 73 | E17: =MOD(E16*$B$4,$B$5) -> 1 | F17: =MOD($B$4*F16+CODE(MID($B$7,A17+1,1)),$B$5) -> 1
A18: 7 | B18: =MID($B$8,A18+1,1) -> g | C18: =CODE(B18) -> 103 | D18: =MOD($B$4*D17+C18,$B$5) -> 70 | E18: =MOD(E17*$B$4,$B$5) -> 62 | F18: =MOD($B$4*F17+CODE(MID($B$7,A18+1,1)),$B$5) -> 75
A19: 8 | B19: =MID($B$8,A19+1,1) -> e | C19: =CODE(B19) -> 101 | D19: =MOD($B$4*D18+C19,$B$5) -> 76 | E19: =MOD(E18*$B$4,$B$5) -> 61 | F19: =MOD($B$4*F18+CODE(MID($B$7,A19+1,1)),$B$5) -> 0
A20: 9 | B20: =MID($B$8,A20+1,1) -> n | C20: =CODE(B20) -> 110 | D20: =MOD($B$4*D19+C20,$B$5) -> 69 | E20: =MOD(E19*$B$4,$B$5) -> 96 | F20: =MOD($B$4*F19+CODE(MID($B$7,A20+1,1)),$B$5) -> 32
A21: 10 | B21: =MID($B$8,A21+1,1) -> c | C21: =CODE(B21) -> 99 | D21: =MOD($B$4*D20+C21,$B$5) -> 12 | E21: =MOD(E20*$B$4,$B$5) -> 35 | F21: =MOD($B$4*F20+CODE(MID($B$7,A21+1,1)),$B$5) -> 63
A22: 11 | B22: =MID($B$8,A22+1,1) -> e | C22: =CODE(B22) -> 101 | D22: =MOD($B$4*D21+C22,$B$5) -> 69 | E22: =MOD(E21*$B$4,$B$5) -> 36 | F22: =MOD($B$4*F21+CODE(MID($B$7,A22+1,1)),$B$5) -> 40
A23: 12 | B23: =MID($B$8,A23+1,1) | C23: =CODE(B23) -> 32 | D23: =MOD($B$4*D22+C23,$B$5) -> 42 | E23: =MOD(E22*$B$4,$B$5) -> 1 | F23: =MOD($B$4*F22+CODE(MID($B$7,A23+1,1)),$B$5) -> 87
A24: 13 | B24: =MID($B$8,A24+1,1) -> i | C24: =CODE(B24) -> 105 | D24: =MOD($B$4*D23+C24,$B$5) -> 90 | E24: =MOD(E23*$B$4,$B$5) -> 62 | F24: =MOD($B$4*F23+CODE(MID($B$7,A24+1,1)),$B$5) -> 80
A25: 14 | B25: =MID($B$8,A25+1,1) -> n | C25: =CODE(B25) -> 110 | D25: =MOD($B$4*D24+C25,$B$5) -> 64 | E25: =MOD(E24*$B$4,$B$5) -> 61 | F25: =MOD($B$4*F24+CODE(MID($B$7,A25+1,1)),$B$5) -> 13
A28: s | B28: Ventana | C28: T[s] | D28: T[s+m] | E28: t(s) | F28: ¿t(s) = hash(P)? | G28: Verificación | H28: Caracteres comparados | I28: Resumen
A29: 0 | B29: =MID($B$7,A29+1,$B$6) -> according to va | C29: =CODE(MID($B$7,A29+1,1)) -> 97 | D29: =IF(A29+$B$6<LEN($B$7),CODE(MID($B$7,A29+$B$6+1,1)),"") -> 114 | E29: =H13 -> 13 | F29: =IF(E29=$H$11,"sí","") | G29: =IF(F29="sí",IF(EXACT(B29,$B$8),"OCURRENCIA","COLISIÓN"),"") | H29: =IF(F29<>"sí",0,IFERROR(MATCH(0,INDEX(--(MID(B29,ROW($A$1:$A$15),1)=MID($B$8,ROW($A$1:$A$15),1)),0),0),$B$6)) -> 0 | I29: Ventanas | J29: =COUNT(A29:A168) -> 140
A30: 1 | B30: =MID($B$7,A30+1,$B$6) -> ccording to var | C30: =CODE(MID($B$7,A30+1,1)) -> 99 | D30: =IF(A30+$B$6<LEN($B$7),CODE(MID($B$7,A30+$B$6+1,1)),"") -> 105 | E30: =MOD($B$4*(E29-C29*$H$12)+D29,$B$5) -> 47 | F30: =IF(E30=$H$11,"sí","") | G30: =IF(F30="sí",IF(EXACT(B30,$B$8),"OCURRENCIA","COLISIÓN"),"") | H30: =IF(F30<>"sí",0,IFERROR(MATCH(0,INDEX(--(MID(B30,ROW($A$1:$A$15),1)=MID($B$8,ROW($A$1:$A$15),1)),0),0),$B$6)) -> 0 | I30: Hash igual | J30: =COUNTIF(F29:F168,"sí") -> 2
A31: 2 | B31: =MID($B$7,A31+1,$B$6) -> cording to vari | C31: =CODE(MID($B$7,A31+1,1)) -> 99 | D31: =IF(A31+$B$6<LEN($B$7),CODE(MID($B$7,A31+$B$6+1,1)),"") -> 111 | E31: =MOD($B$4*(E30-C30*$H$12)+D30,$B$5) -> 14 | F31: =IF(E31=$H$11,"sí","") | G31: =IF(F31="sí",IF(EXACT(B31,$B$8),"OCURRENCIA","COLISIÓN"),"") | H31: =IF(F31<>"sí",0,IFERROR(MATCH(0,INDEX(--(MID(B31,ROW($A$1:$A$15),1)=MID($B$8,ROW($A$1:$A$15),1)),0),0),$B$6)) -> 0 | I31: Ocurrencias | J31: =COUNTIF(G29:G168,"OCURRENCIA") -> 1
A32: 3 | B32: =MID($B$7,A32+1,$B$6) -> ording to vario | C32: =CODE(MID($B$7,A32+1,1)) -> 111 | D32: =IF(A32+$B$6<LEN($B$7),CODE(MID($B$7,A32+$B$6+1,1)),"") -> 117 | E32: =MOD($B$4*(E31-C31*$H$12)+D31,$B$5) -> 11 | F32: =IF(E32=$H$11,"sí","") | G32: =IF(F32="sí",IF(EXACT(B32,$B$8),"OCURRENCIA","COLISIÓN"),"") | H32: =IF(F32<>"sí",0,IFERROR(MATCH(0,INDEX(--(MID(B32,ROW($A$1:$A$15),1)=MID($B$8,ROW($A$1:$A$15),1)),0),0),$B$6)) -> 0 | I32: Colisiones | J32: =COUNTIF(G29:G168,"COLISIÓN") -> 1
A33: 4 | B33: =MID($B$7,A33+1,$B$6) -> rding to variou | C33: =CODE(MID($B$7,A33+1,1)) -> 114 | D33: =IF(A33+$B$6<LEN($B$7),CODE(MID($B$7,A33+$B$6+1,1)),"") -> 115 | E33: =MOD($B$4*(E32-C32*$H$12)+D32,$B$5) -> 37 | F33: =IF(E33=$H$11,"sí","") | G33: =IF(F33="sí",IF(EXACT(B33,$B$8),"OCURRENCIA","COLISIÓN"),"") | H33: =IF(F33<>"sí",0,IFERROR(MATCH(0,INDEX(--(MID(B33,ROW($A$1:$A$15),1)=MID($B$8,ROW($A$1:$A$15),1)),0),0),$B$6)) -> 0 | I33: Comparaciones = ventanas (hash) + caracteres verificados | J33: =J29+SUM(H29:H168) -> 156
A34: 5 | B34: =MID($B$7,A34+1,$B$6) -> ding to various | C34: =CODE(MID($B$7,A34+1,1)) -> 100 | D34: =IF(A34+$B$6<LEN($B$7),CODE(MID($B$7,A34+$B$6+1,1)),"") -> 32 | E34: =MOD($B$4*(E33-C33*$H$12)+D33,$B$5) -> 1 | F34: =IF(E34=$H$11,"sí","") | G34: =IF(F34="sí",IF(EXACT(B34,$B$8),"OCURRENCIA","COLISIÓN"),"") | H34: =IF(F34<>"sí",0,IFERROR(MATCH(0,INDEX(--(MID(B34,ROW($A$1:$A$15),1)=MID($B$8,ROW($A$1:$A$15),1)),0),0),$B$6)) -> 0 | I34: Programa Java: 140 ventanas, ocurrencia en 55, colisión en 129, 156 comparaciones
A35: 6 | B35: =MID($B$7,A35+1,$B$6) -> ing to various | C35: =CODE(MID($B$7,A35+1,1)) -> 105 | D35: =IF(A35+$B$6<LEN($B$7),CODE(MID($B$7,A35+$B$6+1,1)),"") -> 105 | E35: =MOD($B$4*(E34-C34*$H$12)+D34,$B$5) -> 0 | F35: =IF(E35=$H$11,"sí","") | G35: =IF(F35="sí",IF(EXACT(B35,$B$8),"OCURRENCIA","COLISIÓN"),"") | H35: =IF(F35<>"sí",0,IFERROR(MATCH(0,INDEX(--(MID(B35,ROW($A$1:$A$15),1)=MID($B$8,ROW($A$1:$A$15),1)),0),0),$B$6)) -> 0
A36: 7 | B36: =MID($B$7,A36+1,$B$6) -> ng to various i | C36: =CODE(MID($B$7,A36+1,1)) -> 110 | D36: =IF(A36+$B$6<LEN($B$7),CODE(MID($B$7,A36+$B$6+1,1)),"") -> 110 | E36: =MOD($B$4*(E35-C35*$H$12)+D35,$B$5) -> 16 | F36: =IF(E36=$H$11,"sí","") | G36: =IF(F36="sí",IF(EXACT(B36,$B$8),"OCURRENCIA","COLISIÓN"),"") | H36: =IF(F36<>"sí",0,IFERROR(MATCH(0,INDEX(--(MID(B36,ROW($A$1:$A$15),1)=MID($B$8,ROW($A$1:$A$15),1)),0),0),$B$6)) -> 0
A37: 8 | B37: =MID($B$7,A37+1,$B$6) -> g to various in | C37: =CODE(MID($B$7,A37+1,1)) -> 103 | D37: =IF(A37+$B$6<LEN($B$7),CODE(MID($B$7,A37+$B$6+1,1)),"") -> 116 | E37: =MOD($B$4*(E36-C36*$H$12)+D36,$B$5) -> 48 | F37: =IF(E37=$H$11,"sí","") | G37: =IF(F37="sí",IF(EXACT(B37,$B$8),"OCURRENCIA","COLISIÓN"),"") | H37: =IF(F37<>"sí",0,IFERROR(MATCH(0,INDEX(--(MID(B37,ROW($A$1:$A$15),1)=MID($B$8,ROW($A$1:$A$15),1)),0),0),$B$6)) -> 0
A38: 9 | B38: =MID($B$7,A38+1,$B$6) -> to various int | C38: =CODE(MID($B$7,A38+1,1)) -> 32 | D38: =IF(A38+$B$6<LEN($B$7),CODE(MID($B$7,A38+$B$6+1,1)),"") -> 101 | E38: =MOD($B$4*(E37-C37*$H$12)+D37,$B$5) -> 91 | F38: =IF(E38=$H$11,"sí","") | G38: =IF(F38="sí",IF(EXACT(B38,$B$8),"OCURRENCIA","COLISIÓN"),"") | H38: =IF(F38<>"sí",0,IFERROR(MATCH(0,INDEX(--(MID(B38,ROW($A$1:$A$15),1)=MID($B$8,ROW($A$1:$A$15),1)),0),0),$B$6)) -> 0
A39: 10 | B39: =MID($B$7,A39+1,$B$6) -> to various inte | C39: =CODE(MID($B$7,A39+1,1)) -> 116 | D39: =IF(A39+$B$6<LEN($B$7),CODE(MID($B$7,A39+$B$6+1,1)),"") -> 114 | E39: =MOD($B$4*(E38-C38*$H$12)+D38,$B$5) -> 52 | F39: =IF(E39=$H$11,"sí","") | G39: =IF(F39="sí",IF(EXACT(B39,$B$8),"OCURRENCIA","COLISIÓN"),"") | H39: =IF(F39<>"sí",0,IFERROR(MATCH(0,INDEX(--(MID(B39,ROW($A$1:$A$15),1)=MID($B$8,ROW($A$1:$A$15),1)),0),0),$B$6)) -> 0
A40: 11 | B40: =MID($B$7,A40+1,$B$6) -> o various inter | C40: =CODE(MID($B$7,A40+1,1)) -> 111 | D40: =IF(A40+$B$6<LEN($B$7),CODE(MID($B$7,A40+$B$6+1,1)),"") -> 110 | E40: =MOD($B$4*(E39-C39*$H$12)+D39,$B$5) -> 59 | F40: =IF(E40=$H$11,"sí","") | G40: =IF(F40="sí",IF(EXACT(B40,$B$8),"OCURRENCIA","COLISIÓN"),"") | H40: =IF(F40<>"sí",0,IFERROR(MATCH(0,INDEX(--(MID(B40,ROW($A$1:$A$15),1)=MID($B$8,ROW($A$1:$A$15),1)),0),0),$B$6)) -> 0
A41: 12 | B41: =MID($B$7,A41+1,$B$6) -> various intern | C41: =CODE(MID($B$7,A41+1,1)) -> 32 | D41: =IF(A41+$B$6<LEN($B$7),CODE(MID($B$7,A41+$B$6+1,1)),"") -> 97 | E41: =MOD($B$4*(E40-C40*$H$12)+D40,$B$5) -> 96 | F41: =IF(E41=$H$11,"sí","") | G41: =IF(F41="sí",IF(EXACT(B41,$B$8),"OCURRENCIA","COLISIÓN"),"") | H41: =IF(F41<>"sí",0,IFERROR(MATCH(0,INDEX(--(MID(B41,ROW($A$1:$A$15),1)=MID($B$8,ROW($A$1:$A$15),1)),0),0),$B$6)) -> 0
A42: 13 | B42: =MID($B$7,A42+1,$B$6) -> various interna | C42: =CODE(MID($B$7,A42+1,1)) -> 118 | D42: =IF(A42+$B$6<LEN($B$7),CODE(MID($B$7,A42+$B$6+1,1)),"") -> 116 | E42: =MOD($B$4*(E41-C41*$H$12)+D41,$B$5) -> 67 | F42: =IF(E42=$H$11,"sí","") | G42: =IF(F42="sí",IF(EXACT(B42,$B$8),"OCURRENCIA","COLISIÓN"),"") | H42: =IF(F42<>"sí",0,IFERROR(MATCH(0,INDEX(--(MID(B42,ROW($A$1:$A$15),1)=MID($B$8,ROW($A$1:$A$15),1)),0),0),$B$6)) -> 0
A43: 14 | B43: =MID($B$7,A43+1,$B$6) -> arious internat | C43: =CODE(MID($B$7,A43+1,1)) -> 97 | D43: =IF(A43+$B$6<LEN($B$7),CODE(MID($B$7,A43+$B$6+1,1)),"") -> 105 | E43: =MOD($B$4*(E42-C42*$H$12)+D42,$B$5) -> 23 | F43: =IF(E43=$H$11,"sí","") | G43: =IF(F43="sí",IF(EXACT(B43,$B$8),"OCURRENCIA","COLISIÓN"),"") | H43: =IF(F43<>"sí",0,IFERROR(MATCH(0,INDEX(--(MID(B43,ROW($A$1:$A$15),1)=MID($B$8,ROW($A$1:$A$15),1)),0),0),$B$6)) -> 0
A44: 15 | B44: =MID($B$7,A44+1,$B$6) -> rious internati | C44: =CODE(MID($B$7,A44+1,1)) -> 114 | D44: =IF(A44+$B$6<LEN($B$7),CODE(MID($B$7,A44+$B$6+1,1)),"") -> 111 | E44: =MOD($B$4*(E43-C43*$H$12)+D43,$B$5) -> 76 | F44: =IF(E44=$H$11,"sí","") | G44: =IF(F44="sí",IF(EXACT(B44,$B$8),"OCURRENCIA","COLISIÓN"),"") | H44: =IF(F44<>"sí",0,IFERROR(MATCH(0,INDEX(--(MID(B44,ROW($A$1:$A$15),1)=MID($B$8,ROW($A$1:$A$15),1)),0),0),$B$6)) -> 0
A45: 16 | B45: =MID($B$7,A45+1,$B$6) -> ious internatio | C45: =CODE(MID($B$7,A45+1,1)) -> 105 | D45: =IF(A45+$B$6<LEN($B$7),CODE(MID($B$7,A45+$B$6+1,1)),"") -> 110 | E45: =MOD($B$4*(E44-C44*$H$12)+D44,$B$5) -> 87 | F45: =IF(E45=$H$11,"sí","") | G45: =IF(F45="sí",IF(EXACT(B45,$B$8),"OCURRENCIA","COLISIÓN"),"") | H45: =IF(F45<>"sí",0,IFERROR(MATCH(0,INDEX(--(MID(B45,ROW($A$1:$A$15),1)=MID($B$8,ROW($A$1:$A$15),1)),0),0),$B$6)) -> 0
A46: 17 | B46: =MID($B$7,A46+1,$B$6) -> ous internation | C46: =CODE(MID($B$7,A46+1,1)) -> 111 | D46: =IF(A46+$B$6<LEN($B$7),CODE(MID($B$7,A46+$B$6+1,1)),"") -> 97 | E46: =MOD($B$4*(E45-C45*$H$12)+D45,$B$5) -> 80 | F46: =IF(E46=$H$11,"sí","") | G46: =IF(F46="sí",IF(EXACT(B46,$B$8),"OCURRENCIA","COLISIÓN"),"") | H46: =IF(F46<>"sí",0,IFERROR(MATCH(0,INDEX(--(MID(B46,ROW($A$1:$A$15),1)=MID($B$8,ROW($A$1:$A$15),1)),0),0),$B$6)) -> 0
... A168: 139 | B168: =MID($B$7,A168+1,$B$6) -> nal technology. | C168: =CODE(MID($B$7,A168+1,1)) -> 110 | D168: =IF(A168+$B$6<LEN($B$7),CODE(MID($B$7,A168+$B$6+1,1)),"") | E168: =MOD($B$4*(E167-C167*$H$12)+D167,$B$5) -> 44 | F168: =IF(E168=$H$11,"sí","") | G168: =IF(F168="sí",IF(EXACT(B168,$B$8),"OCURRENCIA","COLISIÓN"),"") | H168: =IF(F168<>"sí",0,IFERROR(MATCH(0,INDEX(--(MID(B168,ROW($A$1:$A$15),1)=MID($B$8,ROW($A$1:$A$15),1)),0),0),$B$6)) -> 0

Sheet 3.4 Tiempos busqueda
A1: Mediciones de los tres algoritmos (promedio de 200 repeticiones)
A2: Texto = los 20 abstracts en minúscula, copiado 1, 10 y 100 veces. comparaciones / n se calcula con fórmula.
A4: copias | B4: n | C4: patrón | D4: m | E4: algoritmo | F4: ocurrencias | G4: preprocesamiento (ms) | H4: búsqueda (ms) | I4: comparaciones | J4: comparaciones / n | K4: % preprocesamiento
A5: 1 | B5: 28268 | C5: ai | D5: 2 | E5: KMP | F5: 170 | G5: 0.00185 | H5: 0.18088 | I5: 30139 | J5: =I5/B5 -> 1.0661879 | K5: =G5/(G5+H5) -> 0.010124227
A6: 1 | B6: 28268 | C6: ai | D6: 2 | E6: Boyer-Moore | F6: 170 | G6: 0.00565 | H6: 0.20033 | I6: 15745 | J6: =I6/B6 -> 0.55699024 | K6: =G6/(G6+H6) -> 0.027429848
A7: 1 | B7: 28268 | C7: ai | D7: 2 | E7: Rabin-Karp | F7: 170 | G7: 0.0014 | H7: 0.31677 | I7: 28607 | J7: =I7/B7 -> 1.0119924 | K7: =G7/(G7+H7) -> 0.0044001634
A8: 1 | B8: 28268 | C8: data | D8: 4 | E8: KMP | F8: 8 | G8: 0.00071 | H8: 0.07499 | I8: 29268 | J8: =I8/B8 -> 1.0353757 | K8: =G8/(G8+H8) -> 0.0093791281
A9: 1 | B9: 28268 | C9: data | D9: 4 | E9: Boyer-Moore | F9: 8 | G9: 0.00236 | H9: 0.05084 | I9: 8210 | J9: =I9/B9 -> 0.29043441 | K9: =G9/(G9+H9) -> 0.044360902
A10: 1 | B10: 28268 | C10: data | D10: 4 | E10: Rabin-Karp | F10: 8 | G10: 0.0008 | H10: 0.40149 | I10: 28297 | J10: =I10/B10 -> 1.0010259 | K10: =G10/(G10+H10) -> 0.0019886152
A11: 1 | B11: 28268 | C11: learning | D11: 8 | E11: KMP | F11: 40 | G11: 0.00066 | H11: 0.08733 | I11: 29201 | J11: =I11/B11 -> 1.0330055 | K11: =G11/(G11+H11) -> 0.0075008524
A12: 1 | B12: 28268 | C12: learning | D12: 8 | E12: Boyer-Moore | F12: 40 | G12: 0.00234 | H12: 0.03272 | I12: 4995 | J12: =I12/B12 -> 0.17670157 | K12: =G12/(G12+H12) -> 0.066742727
A13: 1 | B13: 28268 | C13: learning | D13: 8 | E13: Rabin-Karp | F13: 40 | G13: 0.00055 | H13: 0.31504 | I13: 28581 | J13: =I13/B13 -> 1.0110726 | K13: =G13/(G13+H13) -> 0.0017427675
A14: 1 | B14: 28268 | C14: assessment | D14: 10 | E14: KMP | F14: 37 | G14: 0.00038 | H14: 0.07935 | I14: 30272 | J14: =I14/B14 -> 1.0708929 | K14: =G14/(G14+H14) -> 0.0047660855
A15: 1 | B15: 28268 | C15: assessment | D15: 10 | E15: Boyer-Moore | F15: 37 | G15: 0.00083 | H15: 0.02412 | I15: 4227 | J15: =I15/B15 -> 0.14953304 | K15: =G15/(G15+H15) -> 0.033266533
A16: 1 | B16: 28268 | C16: assessment | D16: 10 | E16: Rabin-Karp | F16: 37 | G16: 0.00075 | H16: 0.33846 | I16: 28629 | J16: =I16/B16 -> 1.0127706 | K16: =G16/(G16+H16) -> 0.0022110197
... A67: 100 | B67: 2826800 | C67: systematic literature review on opportunities | D67: 45 | E67: Rabin-Karp | F67: 0 | G67: 0.00166 | H67: 25.56846 | I67: 2826756 | J67: =I67/B67 -> 0.99998443 | K67: =G67/(G67+H67) -> 6.4919523e-05
A69: Promedio de comparaciones / n por algoritmo
E70: KMP | J70: =AVERAGEIF($E$5:$E$67,E70,$J$5:$J$67) -> 1.0508248 | K70: =_xlfn.MAXIFS($K$5:$K$67,$E$5:$E$67,E70) -> 0.017054264 | L70: ← columna K: máximo % del tiempo que se va en preprocesar
E71: Boyer-Moore | J71: =AVERAGEIF($E$5:$E$67,E71,$J$5:$J$67) -> 0.20001425 | K71: =_xlfn.MAXIFS($K$5:$K$67,$E$5:$E$67,E71) -> 0.1028481
E72: Rabin-Karp | J72: =AVERAGEIF($E$5:$E$67,E72,$J$5:$J$67) -> 1.0070709 | K72: =_xlfn.MAXIFS($K$5:$K$67,$E$5:$E$67,E72) -> 0.0045611157
A75: Peor caso: texto de 100 000 letras a, patrón a^10
A76: algoritmo | B76: n | C76: comparaciones | D76: comparaciones / n
A77: KMP | B77: 100000 | C77: 100000 | D77: =C77/B77 -> 1
A78: Boyer-Moore | B78: 100000 | C78: 999910 | D78: =C78/B78 -> 9.9991
A79: Rabin-Karp | B79: 100000 | C79: 1099901 | D79: =C79/B79 -> 10.99901

Sheet Complejidad
A1: T(n) contado línea por línea y evaluado con los tamaños reales
A2: Cambie los tamaños en azul para ver cómo crece cada T(n).
A4: n (términos de A) | B4: 114
A5: m (términos de B) | B5: 93
A6: V (vocabulario) | B6: 987
A7: d (dimensión GloVe) | B7: 100
A8: N (abstracts, clustering) | B8: 20
A9: m patrón (KMP) | B9: 15
A11: Algoritmo | B11: T(n) | C11: Valor | D11: Orden
A12: Levenshtein | B12: 15nm + 7n + 3m + 18 | C12: =15*B4*B5+7*B4+3*B5+18 -> 160125 | D12: O(n·m)
A13: Needleman-Wunsch (llenado) | B13: 21nm + 7n + 3m + 19 | C13: =21*B4*B5+7*B4+3*B5+19 -> 223738 | D13: O(n·m)
A14: Coseno | B14: 9V + 28 | C14: =9*B6+28 -> 8911 | D14: O(V)
A15: Jaccard (cota) | B15: 6n + 3m + 15 | C15: =6*B4+3*B5+15 -> 978 | D15: O(n + m)
A16: GloVe vectorAbstract | B16: 3dn + 7n + 3d + 9 | C16: =3*B7*B4+7*B4+3*B7+9 -> 35307 | D16: O(n·d)
A17: Clustering: comparaciones del par más cercano | B17: C(2N−1, 3) − C(N, 3) | C17: =COMBIN(2*B8-1,3)-COMBIN(B8,3) -> 7999 | D17: O(N³)
A18: KMP preprocesamiento (cota) | B18: 7m + 1 | C18: =7*B9+1 -> 106 | D18: O(m)
A20: Programa / documento: Levenshtein 160 125; clustering 7 999 comparaciones para N = 20.
